repository,created_at,updated_at,size,num_stars,num_forks
tensorflow/tensorflow,2015-11-07T01:19:20Z,2025-01-24T16:35:51Z,1125797,187413,74446
huggingface/transformers,2018-10-29T13:56:00Z,2025-01-24T16:18:49Z,270127,137971,27660
pytorch/pytorch,2016-08-13T05:26:41Z,2025-01-24T16:33:36Z,1021307,86151,23183
keras-team/keras,2015-03-28T00:35:42Z,2025-01-24T16:34:19Z,44725,62391,19494
scikit-learn/scikit-learn,2010-08-17T09:43:38Z,2025-01-24T16:34:21Z,167090,60857,25538
tesseract-ocr/tesseract,2014-08-12T18:04:59Z,2025-01-24T16:34:10Z,53535,64041,9648
ageitgey/face_recognition,2017-03-03T21:52:39Z,2025-01-24T16:34:32Z,103959,53993,13536
Developer-Y/cs-video-courses,2016-10-21T17:02:11Z,2025-01-24T16:34:13Z,658,67902,9204
deepfakes/faceswap,2017-12-19T09:44:13Z,2025-01-24T16:34:36Z,203576,52957,13287
aymericdamien/TensorFlow-Examples,2015-11-11T14:21:19Z,2025-01-24T16:34:53Z,10242,43480,14924
microsoft/ML-For-Beginners,2021-03-03T01:34:05Z,2025-01-24T16:34:15Z,227858,70797,14904
binhnguyennus/awesome-scalability,2017-12-27T03:46:40Z,2025-01-24T16:42:11Z,1528,60089,6123
JuliaLang/julia,2011-04-21T07:01:50Z,2025-01-24T16:34:41Z,322041,46244,5527
Avik-Jain/100-Days-Of-ML-Code,2018-07-05T09:11:43Z,2025-01-24T16:34:44Z,10955,46205,10740
d2l-ai/d2l-zh,2017-08-23T04:40:24Z,2025-01-24T16:34:12Z,316965,65299,11202
iperov/DeepFaceLab,2018-06-04T13:10:00Z,2025-01-24T14:50:58Z,848594,16842,157
BVLC/caffe,2013-09-12T18:39:48Z,2025-01-23T11:57:34Z,76170,34189,18652
ultralytics/yolov5,2020-05-18T03:45:11Z,2025-01-24T16:34:39Z,16136,52074,16602
GokuMohandas/Made-With-ML,2018-11-05T03:44:27Z,2025-01-24T16:35:07Z,4001,38054,6024
ZuzooVn/machine-learning-for-software-engineers,2016-10-09T21:20:25Z,2025-01-24T00:06:25Z,471,28291,6210
fengdu78/Coursera-ML-AndrewNg-Notes,2017-11-04T10:04:08Z,2025-01-24T13:30:09Z,684224,32637,10705
google-research/google-research,2018-10-04T18:42:48Z,2025-01-24T15:11:17Z,1139197,34741,7993
CMU-Perceptual-Computing-Lab/openpose,2017-04-24T14:06:31Z,2025-01-24T16:10:55Z,86496,31711,7897
ageron/handson-ml,2016-02-16T19:48:39Z,2025-01-24T13:33:20Z,87255,25263,12908
explosion/spaCy,2014-07-03T15:15:40Z,2025-01-24T13:00:22Z,202858,30722,4434
terryum/awesome-deep-learning-papers,2016-06-03T06:48:30Z,2025-01-24T02:40:04Z,147,25633,4478
donnemartin/data-science-ipython-notebooks,2015-01-23T19:38:29Z,2025-01-24T14:08:13Z,49025,27769,7910
dmlc/xgboost,2014-02-06T17:28:03Z,2025-01-24T14:07:57Z,33028,26517,8740
fastai/fastai,2017-09-09T17:43:36Z,2025-01-24T16:27:35Z,822695,26525,7573
photoprism/photoprism,2018-01-27T12:00:15Z,2025-01-24T15:47:15Z,224562,36180,2005
ray-project/ray,2016-10-25T19:38:30Z,2025-01-24T16:03:16Z,495899,35010,5962
eriklindernoren/ML-From-Scratch,2017-02-05T12:11:23Z,2025-01-24T03:46:39Z,553,24215,4614
AMAI-GmbH/AI-Expert-Roadmap,2020-10-24T21:49:40Z,2025-01-24T16:24:17Z,628,29442,2505
eugeneyan/applied-ml,2020-07-04T18:57:47Z,2025-01-24T16:29:43Z,397,27607,3721
sebastianruder/NLP-progress,2018-06-22T17:43:55Z,2025-01-23T13:33:32Z,1399,22762,3617
TheAlgorithms/C-Plus-Plus,2016-07-16T10:19:45Z,2025-01-24T16:29:17Z,129382,31134,7310
streamlit/streamlit,2019-08-24T00:14:52Z,2025-01-24T16:35:11Z,555939,36863,3174
datawhalechina/pumpkin-book,2018-12-22T05:05:24Z,2025-01-24T14:05:45Z,11136,24323,4763
mozilla/DeepSpeech,2016-06-02T15:04:53Z,2025-01-24T06:20:59Z,50592,25643,3992
Lightning-AI/lightning,2019-03-31T00:45:57Z,2025-01-24T14:57:08Z,132824,28845,3420
lutzroeder/netron,2010-12-26T12:53:43Z,2025-01-24T13:58:35Z,60091,29185,2835
mxgmn/WaveFunctionCollapse,2016-09-30T11:53:17Z,2025-01-24T00:11:32Z,31161,23646,1262
trekhleb/homemade-machine-learning,2018-11-01T04:34:19Z,2025-01-24T13:58:42Z,14466,23264,4078
ChristosChristofidis/awesome-deep-learning,2015-01-02T19:28:35Z,2025-01-24T12:42:47Z,832,24666,6088
academic/awesome-datascience,2014-07-05T07:07:43Z,2025-01-24T16:18:20Z,1412,25607,5974
MLEveryday/100-Days-Of-ML-Code,2018-08-05T13:32:48Z,2025-01-24T12:12:15Z,44918,21351,5498
PaddlePaddle/Paddle,2016-08-15T06:59:08Z,2025-01-24T10:26:16Z,484630,22424,5655
google/mediapipe,2019-06-13T19:16:41Z,2025-01-24T16:09:50Z,602710,28358,5226
slundberg/shap,2016-11-22T19:17:08Z,2025-01-24T14:54:26Z,313215,23285,3323
zergtant/pytorch-handbook,2018-12-03T02:57:04Z,2025-01-24T16:15:16Z,149507,20549,5409
microsoft/CNTK,2015-11-26T09:52:06Z,2025-01-24T07:49:11Z,935217,17540,4272
spmallick/learnopencv,2015-02-17T08:00:51Z,2025-01-24T16:31:24Z,3645081,21530,11650
tensorflow/tfjs,2018-03-05T05:41:02Z,2025-01-24T08:04:03Z,173150,18618,1950
OpenBB-finance/OpenBBTerminal,2020-12-20T10:46:38Z,2025-01-24T16:34:05Z,2333975,35578,3235
amark/gun,2014-07-31T15:52:10Z,2025-01-24T13:14:17Z,33395,18263,1167
jina-ai/jina,2020-02-13T17:04:44Z,2025-01-24T08:22:27Z,1681140,21257,2215
fastai/fastbook,2020-02-28T19:26:47Z,2025-01-24T11:44:37Z,86034,22390,8598
JaidedAI/EasyOCR,2020-03-14T11:46:39Z,2025-01-24T16:09:12Z,161624,25288,3225
zziz/pwc,2018-09-02T12:06:52Z,2025-01-20T20:06:03Z,1643,15402,2478
oxford-cs-deepnlp-2017/lectures,2017-02-06T11:32:46Z,2025-01-22T10:35:39Z,48981,15698,3575
d2l-ai/d2l-en,2018-10-09T01:04:37Z,2025-01-24T15:43:17Z,317904,24690,4459
RasaHQ/rasa,2016-10-14T12:27:49Z,2025-01-24T14:25:55Z,1627886,19263,4678
TheAlgorithms/C,2016-07-16T10:17:03Z,2025-01-24T16:29:04Z,20365,19649,4449
kailashahirwar/cheatsheets-ai,2017-05-24T12:06:56Z,2025-01-24T04:46:32Z,29960,15149,3430
microsoft/LightGBM,2016-08-05T05:45:50Z,2025-01-24T06:56:50Z,23576,16901,3847
huggingface/datasets,2020-03-26T09:23:22Z,2025-01-24T14:19:13Z,89072,19484,2722
microsoft/recommenders,2018-09-19T10:06:07Z,2025-01-24T14:26:45Z,229316,19644,3144
ty4z2008/Qix,2014-04-20T11:03:15Z,2025-01-24T07:16:45Z,2333,14771,4657
afshinea/stanford-cs-229-machine-learning,2018-08-04T23:01:00Z,2025-01-24T14:19:43Z,38339,17863,3986
emilwallner/Screenshot-to-code,2017-10-16T11:41:48Z,2025-01-24T01:48:07Z,51643,16465,1563
keon/awesome-nlp,2015-12-01T11:11:33Z,2025-01-24T15:49:57Z,554,16906,2592
RaRe-Technologies/gensim,2011-02-10T07:43:04Z,2025-01-24T13:00:05Z,106262,15799,4387
bharathgs/Awesome-pytorch-list,2017-03-01T16:58:16Z,2025-01-24T14:36:21Z,888,15606,2814
Unity-Technologies/ml-agents,2017-09-08T21:09:04Z,2025-01-24T16:15:09Z,3023163,17496,4194
virgili0/Virgilio,2019-03-12T18:45:36Z,2025-01-23T19:07:12Z,33930,14014,2488
onnx/onnx,2017-09-07T04:53:45Z,2025-01-24T16:29:39Z,35058,18301,3700
ramitsurana/awesome-kubernetes,2015-10-15T12:14:48Z,2025-01-24T15:33:42Z,6844,15196,2290
aleju/imgaug,2015-07-10T20:31:33Z,2025-01-24T12:17:02Z,28618,14497,2451
horovod/horovod,2017-08-09T19:39:59Z,2025-01-23T09:55:58Z,6951,14342,2247
labmlai/annotated_deep_learning_paper_implementations,2020-08-25T02:29:34Z,2025-01-24T16:34:30Z,153812,58212,5928
mlflow/mlflow,2018-06-05T16:05:58Z,2025-01-24T13:17:04Z,712572,19311,4319
tensorflow/tensor2tensor,2017-06-15T16:57:39Z,2025-01-24T14:42:35Z,17508,15756,3528
NLP-LOVE/ML-NLP,2019-07-05T12:49:53Z,2025-01-24T13:39:40Z,11965,16276,4577
hindupuravinash/the-gan-zoo,2017-04-14T16:45:24Z,2025-01-23T18:04:49Z,2198,14420,2560
gunthercox/ChatterBot,2014-09-28T14:49:00Z,2025-01-24T15:01:31Z,4371,14163,4459
pytorch/vision,2016-11-09T23:11:43Z,2025-01-24T12:47:49Z,1166675,16482,6989
ujjwalkarn/Machine-Learning-Tutorials,2015-09-12T14:51:38Z,2025-01-24T12:45:44Z,9024,15798,3821
EthicalML/awesome-production-machine-learning,2018-08-15T14:28:41Z,2025-01-24T16:33:48Z,2529,17931,2293
flairNLP/flair,2018-06-11T11:04:18Z,2025-01-24T16:42:26Z,266217,14033,2108
microsoft/nni,2018-06-01T05:51:44Z,2025-01-24T08:50:13Z,133124,14103,1820
kubeflow/kubeflow,2017-11-30T18:44:19Z,2025-01-24T11:27:01Z,324158,14571,2443
argoproj/argo-workflows,2017-08-21T18:50:44Z,2025-01-24T15:43:19Z,153733,15284,3234
alex000kim/nsfw_data_scraper,2019-01-11T02:21:40Z,2025-01-24T02:25:57Z,8472,12318,2875
rasbt/python-machine-learning-book,2015-08-07T20:39:29Z,2025-01-24T10:38:53Z,159843,12337,4408
ml-tooling/best-of-ml-python,2020-11-29T19:41:36Z,2025-01-24T16:19:30Z,18863,18933,2608
halfrost/Halfrost-Field,2017-04-02T11:24:18Z,2025-01-24T13:03:25Z,105287,13016,1881
ddbourgin/numpy-ml,2019-04-06T22:29:49Z,2025-01-23T13:28:15Z,10514,15880,3775
davisking/dlib,2014-01-29T00:45:33Z,2025-01-24T08:43:22Z,49996,13718,3389
nltk/nltk,2009-09-07T10:53:58Z,2025-01-24T10:43:36Z,353364,13796,2908
albumentations-team/albumentations,2018-06-06T03:10:50Z,2025-01-24T10:00:13Z,104370,14511,1660
apple/turicreate,2017-12-01T00:42:04Z,2025-01-23T21:32:34Z,320718,11196,1143
donnemartin/awesome-aws,2015-10-12T12:02:47Z,2025-01-24T08:18:16Z,803,12631,1698
janishar/mit-deep-learning-book-pdf,2017-04-07T10:46:50Z,2025-01-24T12:32:58Z,43571,13073,2743
kmario23/deep-learning-drizzle,2018-11-26T01:17:36Z,2025-01-24T15:28:47Z,267,12445,2938
iterative/dvc,2017-03-04T08:16:33Z,2025-01-24T13:34:30Z,20329,14108,1195
zalandoresearch/fashion-mnist,2017-08-25T12:05:15Z,2025-01-24T16:39:07Z,108395,12087,3028
MorvanZhou/tutorials,2016-05-29T13:29:44Z,2025-01-22T04:35:12Z,62652,11988,5707
chiphuyen/stanford-tensorflow-tutorials,2016-11-05T18:21:51Z,2025-01-23T19:08:26Z,14037,10334,4305
mindsdb/mindsdb,2018-08-02T17:56:45Z,2025-01-24T16:29:43Z,254270,27110,4896
jindongwang/transferlearning,2017-04-30T11:32:21Z,2025-01-24T12:41:43Z,37061,13672,3827
esimov/caire,2018-01-08T19:23:04Z,2025-01-23T23:49:19Z,92363,10366,382
extreme-assistant/CVPR2022-Paper-Code-Interpretation,2019-02-26T07:53:48Z,2025-01-23T07:16:50Z,1357,12462,2298
tflearn/tflearn,2016-03-31T12:05:53Z,2025-01-22T12:29:18Z,1589,9617,2411
microsoft/qlib,2020-08-14T06:46:00Z,2025-01-24T16:37:44Z,17504,16093,2737
ashishpatel26/500-AI-Machine-learning-Deep-learning-Computer-vision-NLP-Projects-with-code,2021-01-02T12:08:37Z,2025-01-24T16:21:44Z,878,21777,5354
ydataai/pandas-profiling,2016-01-09T23:47:55Z,2025-01-24T06:53:16Z,768591,12666,1687
deepmind/sonnet,2017-04-03T11:34:35Z,2025-01-24T05:28:42Z,16836,9802,1298
amusi/CVPR2022-Papers-with-Code,2020-02-26T06:04:25Z,2025-01-24T14:51:12Z,454,18742,2621
bbfamily/abu,2016-09-19T15:31:53Z,2025-01-24T16:40:16Z,96202,12607,3852
lexfridman/mit-deep-learning,2017-01-08T00:52:01Z,2025-01-24T16:22:03Z,65478,10205,2211
gradio-app/gradio,2018-12-19T08:24:04Z,2025-01-24T15:49:14Z,280251,35472,2676
Hvass-Labs/TensorFlow-Tutorials,2016-06-26T14:43:21Z,2025-01-24T02:27:05Z,67974,9277,4182
rushter/MLAlgorithms,2016-10-05T06:46:45Z,2025-01-22T20:04:17Z,11924,10772,1778
ultralytics/yolov3,2018-08-26T08:57:20Z,2025-01-24T00:02:33Z,10781,10289,3453
NVlabs/instant-ngp,2022-01-05T17:11:30Z,2025-01-24T03:03:51Z,191469,16219,1950
EpistasisLab/tpot,2015-11-03T21:08:40Z,2025-01-22T07:14:05Z,79765,9814,1574
fastai/numerical-linear-algebra,2017-05-16T17:28:12Z,2025-01-24T02:27:04Z,64028,10333,2624
vahidk/EffectiveTensorflow,2017-08-01T06:00:56Z,2025-01-21T12:33:29Z,151,8622,905
microsoft/computervision-recipes,2019-02-11T16:23:51Z,2025-01-24T06:51:56Z,267320,9596,1183
GetStream/Winds,2016-09-19T17:02:13Z,2025-01-23T21:03:07Z,61501,8920,638
keras-team/autokeras,2017-11-19T23:18:20Z,2025-01-22T08:09:20Z,45538,9185,1405
apache/tvm,2016-10-12T22:20:28Z,2025-01-24T15:27:24Z,107101,11950,3504
visenger/awesome-mlops,2020-03-03T11:37:19Z,2025-01-24T04:15:15Z,1429,12770,1895
ludwig-ai/ludwig,2018-12-27T23:58:12Z,2025-01-24T16:28:58Z,33289,11280,1198
tensorflow/tfjs-core,2017-08-02T14:45:47Z,2025-01-21T20:21:10Z,380006,8483,950
dair-ai/ML-YouTube-Courses,2021-06-25T09:39:16Z,2025-01-24T16:04:03Z,114,16195,1937
facebookarchive/caffe2,2015-06-25T18:23:47Z,2025-01-19T09:04:01Z,402293,8420,1938
Mikoto10032/DeepLearning,2018-04-09T15:53:37Z,2025-01-24T12:50:33Z,958284,15014,3642
Yorko/mlcourse.ai,2017-02-27T08:32:20Z,2025-01-23T17:31:02Z,635467,9880,5681
timzhang642/3D-Machine-Learning,2017-08-12T15:20:54Z,2025-01-24T15:47:50Z,24851,9851,1801
clips/pattern,2011-05-03T15:29:01Z,2025-01-22T13:40:55Z,52274,8762,1577
dotnet/machinelearning,2018-05-03T16:20:42Z,2025-01-24T13:15:37Z,101157,9098,1896
VowpalWabbit/vowpal_wabbit,2009-07-31T19:36:58Z,2025-01-23T15:26:22Z,164710,8518,1928
microsoft/DeepSpeed,2020-01-23T18:35:18Z,2025-01-24T16:35:15Z,222312,36347,4206
cortexlabs/cortex,2019-01-24T04:43:14Z,2025-01-23T21:06:30Z,11550,8024,608
apachecn/Interview,2017-10-13T09:57:07Z,2025-01-23T10:07:16Z,55464,8766,2181
iperov/DeepFaceLive,2020-12-15T12:19:22Z,2025-01-24T15:57:47Z,1540184,27445,205
kedro-org/kedro,2019-04-18T10:29:56Z,2025-01-24T11:47:36Z,233450,10129,916
pyro-ppl/pyro,2017-06-16T05:03:47Z,2025-01-24T14:09:49Z,95876,8636,983
deepmind/pysc2,2017-07-25T18:16:57Z,2025-01-23T21:12:19Z,4571,8057,1158
MorvanZhou/Reinforcement-learning-with-tensorflow,2017-05-06T03:01:31Z,2025-01-23T11:56:38Z,438,9033,5026
microsoft/onnxruntime,2018-11-10T02:22:53Z,2025-01-24T05:48:33Z,1316601,15372,3012
lanpa/tensorboardX,2017-06-13T13:54:19Z,2025-01-24T14:26:35Z,5843,7902,865
isl-org/Open3D,2016-12-02T16:40:38Z,2025-01-24T16:11:26Z,607714,11826,2366
aws/amazon-sagemaker-examples,2017-10-23T05:55:22Z,2025-01-24T00:02:31Z,662491,10251,6808
dair-ai/ml-visuals,2020-05-17T13:42:29Z,2025-01-24T13:10:48Z,141,14114,1416
deeplearning-ai/machine-learning-yearning-cn,2018-06-19T19:26:39Z,2025-01-23T07:57:23Z,15348,7759,1521
vaexio/vaex,2014-09-27T09:44:42Z,2025-01-23T16:24:24Z,139418,8328,595
OlafenwaMoses/ImageAI,2018-03-19T23:12:33Z,2025-01-23T18:12:52Z,63626,8697,2192
jackzhenguo/python-small-examples,2019-11-17T01:47:01Z,2025-01-23T01:15:46Z,5834,8011,1811
google/trax,2019-10-05T15:09:14Z,2025-01-23T02:38:00Z,169297,8148,822
kornia/kornia,2018-08-22T10:31:37Z,2025-01-24T14:43:47Z,80190,10163,984
datawhalechina/leeml-notes,2023-01-29T02:44:03Z,2024-11-20T14:08:22Z,6,19,2
MorvanZhou/PyTorch-Tutorial,2017-05-05T15:12:04Z,2025-01-23T01:58:29Z,15391,8203,3112
owainlewis/awesome-artificial-intelligence,2015-01-27T09:27:48Z,2025-01-24T13:50:12Z,280,11464,1914
PAIR-code/facets,2017-07-07T14:03:03Z,2025-01-23T21:24:38Z,23287,7359,885
alibaba/MNN,2019-04-15T07:40:18Z,2025-01-24T10:25:10Z,202532,8941,1698
lazyprogrammer/machine_learning_examples,2014-07-31T23:40:45Z,2025-01-23T10:33:02Z,23545,8466,6363
optuna/optuna,2018-02-21T06:12:56Z,2025-01-24T15:53:43Z,20355,11268,1053
wiseodd/generative-models,2016-12-07T11:28:16Z,2025-01-24T10:13:17Z,114,7369,2041
instillai/machine-learning-course,2019-02-15T00:23:19Z,2025-01-22T09:36:02Z,14140,7030,1259
guess-js/guess,2018-04-02T01:58:19Z,2025-01-23T13:53:48Z,13933,7071,203
nmap/nmap,2012-03-09T14:47:43Z,2025-01-24T10:42:51Z,111201,10499,2442
deepmind/lab,2016-11-30T13:41:26Z,2025-01-24T10:25:37Z,460126,7160,1369
catboost/catboost,2017-07-18T05:29:04Z,2025-01-24T06:58:17Z,1767598,8206,1201
doccano/doccano,2018-05-09T06:10:05Z,2025-01-24T12:39:26Z,57474,9721,1739
rasbt/python-machine-learning-book-2nd-edition,2017-02-09T05:45:15Z,2025-01-24T10:48:09Z,241207,7146,2821
Angel-ML/angel,2017-04-25T05:57:43Z,2025-01-24T03:17:56Z,93424,6752,1597
alexeygrigorev/data-science-interviews,2020-03-02T19:06:53Z,2025-01-24T14:08:45Z,1157,9125,2012
Jack-Cherish/Machine-Learning,2017-03-25T07:32:37Z,2025-01-24T11:55:42Z,1132,9334,5090
NirantK/awesome-project-ideas,2017-08-19T09:37:58Z,2025-01-24T11:52:10Z,113,8071,1238
yzhao062/anomaly-detection-resources,2018-05-16T20:02:54Z,2025-01-24T13:04:49Z,373,8528,1752
SerpentAI/SerpentAI,2017-04-16T21:48:39Z,2025-01-18T12:25:56Z,3859,6813,791
alteryx/featuretools,2017-09-08T22:15:17Z,2025-01-24T15:22:38Z,7620,7343,883
stanfordnlp/stanza,2017-09-26T08:00:56Z,2025-01-24T02:57:52Z,85928,7345,896
firmai/industry-machine-learning,2019-05-03T05:08:15Z,2025-01-22T13:51:05Z,3015,7291,1218
pycaret/pycaret,2019-11-23T18:40:48Z,2025-01-24T16:31:05Z,267648,9092,1787
dragen1860/TensorFlow-2.x-Tutorials,2019-01-30T03:00:09Z,2025-01-23T02:06:54Z,166873,6371,2230
tensorpack/tensorpack,2015-12-25T23:08:44Z,2025-01-23T05:47:36Z,9096,6302,1807
yzhao062/pyod,2017-10-03T20:29:04Z,2025-01-23T14:25:47Z,41250,8767,1386
gorse-io/gorse,2018-08-14T11:01:09Z,2025-01-24T08:36:28Z,11935,8721,801
poloclub/cnn-explainer,2019-11-03T23:15:24Z,2025-01-24T05:18:56Z,90398,8256,1247
liuruoze/EasyPR,2014-09-19T11:46:04Z,2025-01-23T09:09:25Z,195032,6371,2502
stefan-jansen/machine-learning-for-trading,2018-05-09T12:33:08Z,2025-01-24T15:48:45Z,683356,13933,4362
Hironsan/BossSensor,2016-07-04T06:09:59Z,2025-01-20T15:56:07Z,29659,6225,1084
PeterL1n/RobustVideoMatting,2021-08-30T20:57:44Z,2025-01-24T02:38:10Z,9193,8698,1144
unifyai/ivy,2021-01-19T08:37:25Z,2025-01-23T22:37:53Z,174249,14016,5696
drivendata/cookiecutter-data-science,2015-10-30T19:19:57Z,2025-01-24T13:23:13Z,1253,8509,2485
scikit-learn-contrib/imbalanced-learn,2014-08-16T05:08:26Z,2025-01-24T13:18:27Z,22671,6902,1291
tensorflow/swift,2018-04-24T19:18:14Z,2025-01-21T19:46:11Z,3627,6129,608
nfmcclure/tensorflow_cookbook,2016-06-10T13:23:57Z,2025-01-22T03:44:31Z,19794,6242,2412
microsoft/nlp-recipes,2019-04-05T17:42:41Z,2025-01-24T13:36:03Z,48731,6388,915
thtrieu/darkflow,2016-08-16T05:54:02Z,2025-01-21T08:48:12Z,33769,6136,2072
Netflix/metaflow,2019-09-17T17:48:25Z,2025-01-24T08:04:23Z,43917,8481,788
h2oai/h2o-3,2014-03-03T16:08:07Z,2025-01-24T14:41:14Z,625183,7005,2003
rushter/data-science-blogs,2015-08-05T11:58:14Z,2025-01-22T10:38:02Z,373,6336,1783
PeterL1n/BackgroundMattingV2,2020-12-01T00:26:17Z,2025-01-24T15:31:47Z,2873,6911,955
infinitered/nsfwjs,2019-02-13T15:06:31Z,2025-01-24T14:49:25Z,64624,8200,552
Swift-AI/Swift-AI,2015-11-19T23:43:18Z,2025-01-23T03:43:22Z,30117,6035,555
mrdbourke/machine-learning-roadmap,2020-07-09T07:07:47Z,2025-01-21T20:37:47Z,25983,7594,1176
deeppavlov/DeepPavlov,2017-11-17T14:35:29Z,2025-01-24T04:14:12Z,32677,6770,1155
dusty-nv/jetson-inference,2016-07-30T19:56:47Z,2025-01-24T04:58:05Z,155634,8069,3003
jacobgil/pytorch-grad-cam,2017-05-31T19:55:15Z,2025-01-24T15:29:45Z,140727,11015,1586
lmcinnes/umap,2017-07-02T01:11:17Z,2025-01-24T05:39:02Z,65924,7582,814
ml5js/ml5-library,2017-10-03T20:45:07Z,2025-01-24T14:36:33Z,381860,6511,903
chainer/chainer,2015-06-05T05:50:37Z,2025-01-22T21:30:29Z,53733,5894,1367
khangich/machine-learning-interview,2020-08-11T06:26:32Z,2025-01-24T14:37:19Z,5378,10185,1655
alan-turing-institute/sktime,2018-11-06T15:08:24Z,2025-01-24T16:25:59Z,79151,8135,1438
tensorflow/serving,2016-01-26T21:48:20Z,2025-01-24T02:30:59Z,19939,6217,2191
src-d/awesome-machine-learning-on-source-code,2017-06-20T13:35:45Z,2025-01-24T08:21:09Z,698,6295,840
dformoso/machine-learning-mindmap,2017-08-10T04:29:24Z,2025-01-20T22:35:57Z,15538,6151,1007
cleverhans-lab/cleverhans,2016-09-15T00:28:04Z,2025-01-22T16:26:47Z,9369,6233,1391
haifengl/smile,2014-11-20T16:28:12Z,2025-01-24T14:56:09Z,256549,6092,1136
tiny-dnn/tiny-dnn,2012-12-17T14:08:06Z,2025-01-23T02:04:30Z,25554,5875,1384
PRML/PRMLT,2012-09-10T08:19:18Z,2025-01-18T15:22:23Z,506,6044,2157
NicolasHug/Surprise,2016-10-23T14:59:38Z,2025-01-24T14:27:58Z,6977,6477,1018
jivoi/awesome-ml-for-cybersecurity,2016-12-20T12:46:36Z,2025-01-24T11:00:21Z,230,7370,1778
deepset-ai/haystack,2019-11-14T09:05:28Z,2025-01-24T15:42:56Z,44865,18778,2014
likedan/Awesome-CoreML-Models,2017-08-22T10:43:47Z,2025-01-24T11:31:39Z,3059,6555,482
aymericdamien/TopDeepLearning,2016-04-27T04:13:03Z,2025-01-24T12:58:39Z,109,5918,1197
tensorflow/docs,2018-04-12T22:23:12Z,2025-01-23T10:54:48Z,132101,6146,5318
tangyudi/Ai-Learn,2020-01-28T01:55:06Z,2025-01-24T11:01:33Z,1335,10280,2344
rhiever/Data-Analysis-and-Machine-Learning-Projects,2015-02-12T23:03:58Z,2025-01-23T19:50:48Z,20422,6180,2066
wb14123/seq2seq-couplet,2018-02-24T02:44:52Z,2025-01-24T02:23:13Z,41,5493,1074
Vedenin/useful-java-links,2016-02-13T13:14:52Z,2025-01-24T07:19:07Z,2411,5898,1183
dmlc/gluon-cv,2018-02-26T01:33:21Z,2025-01-24T10:13:28Z,39688,5852,1212
keras-rl/keras-rl,2016-07-02T15:53:12Z,2025-01-24T06:54:37Z,1414,5535,1363
amusi/daily-paper-computer-vision,2018-05-15T16:27:19Z,2025-01-24T03:54:19Z,1001,6427,1274
k4yt3x/video2x,2018-02-24T16:34:41Z,2025-01-24T16:23:33Z,565136,11898,1088
snorkel-team/snorkel,2016-02-26T05:52:45Z,2025-01-24T15:05:40Z,292481,5825,856
amitness/learning,2017-11-26T17:37:44Z,2025-01-24T05:43:34Z,998,6405,851
py-why/dowhy,2018-05-31T13:07:04Z,2025-01-24T14:22:55Z,708921,7244,941
probml/pyprobml,2016-08-17T16:42:24Z,2025-01-23T12:24:49Z,5236960,6642,1552
jason718/awesome-self-supervised-learning,2018-02-10T01:57:50Z,2025-01-22T09:39:15Z,402,6207,832
SmirkCao/Lihang,2018-06-19T14:46:07Z,2025-01-21T07:32:28Z,10383,6050,1604
jonaswinkler/paperless-ng,2018-06-27T11:34:00Z,2025-01-23T20:09:34Z,19225,5376,353
tyiannak/pyAudioAnalysis,2014-08-27T12:43:13Z,2025-01-24T10:19:02Z,171627,5964,1203
interpretml/interpret,2019-05-03T05:47:52Z,2025-01-22T16:00:57Z,15502,6368,738
humphd/have-fun-with-machine-learning,2016-12-29T17:43:50Z,2025-01-22T09:46:01Z,7878,5083,542
dair-ai/ML-Course-Notes,2022-03-17T11:18:50Z,2025-01-23T21:45:28Z,56,6099,807
transcranial/keras-js,2016-09-30T14:40:35Z,2025-01-24T14:46:08Z,18004,4959,502
therealsreehari/Learn-Data-Science-For-Free,2021-01-27T13:02:06Z,2025-01-21T15:15:21Z,326,5099,526
robmarkcole/satellite-image-deep-learning,2018-04-16T08:42:09Z,2025-01-24T13:53:51Z,29657,8920,1516
fastai/course-v3,2018-10-11T19:41:45Z,2025-01-24T02:27:11Z,269425,4910,3537
awslabs/autogluon,2019-07-29T18:51:24Z,2025-01-24T11:54:57Z,21407,8290,947
jeffheaton/t81_558_deep_learning,2016-07-31T02:32:59Z,2025-01-22T09:15:39Z,249175,5725,3036
mdbloice/Augmentor,2016-03-01T18:29:55Z,2025-01-24T15:49:54Z,1580,5092,865
activeloopai/Hub,2019-08-09T06:17:59Z,2025-01-24T15:26:27Z,68271,8320,635
MingchaoZhu/DeepLearning,2020-02-27T07:11:46Z,2025-01-24T10:43:53Z,33326,6672,1353
wandb/wandb,2017-03-24T05:46:23Z,2025-01-24T16:20:17Z,171327,9394,692
KevinMusgrave/pytorch-metric-learning,2019-10-23T17:20:35Z,2025-01-23T13:34:55Z,37340,6067,657
blei-lab/edward,2016-02-10T20:06:05Z,2025-01-19T06:51:55Z,29865,4830,757
amdegroot/ssd.pytorch,2017-02-08T01:50:36Z,2025-01-23T16:25:37Z,108865,5171,1742
tensorspace-team/tensorspace,2018-07-22T14:14:29Z,2025-01-20T00:17:57Z,1157464,5080,443
apachecn/sklearn-doc-zh,2017-09-27T03:25:03Z,2025-01-24T03:03:42Z,63235,5137,1472
amusi/Deep-Learning-Interview-Book,2019-06-24T15:06:11Z,2025-01-24T11:23:54Z,3860,7844,1338
XiaoMi/mace,2018-06-27T03:50:12Z,2025-01-21T22:50:40Z,31811,4984,822
skorch-dev/skorch,2017-07-18T00:13:54Z,2025-01-24T02:27:07Z,12382,5947,394
unit8co/darts,2018-09-13T15:17:28Z,2025-01-24T15:10:53Z,203663,8275,906
gorgonia/gorgonia,2016-09-14T23:19:43Z,2025-01-23T04:18:29Z,93056,5619,435
alirezamika/autoscraper,2020-08-31T12:02:19Z,2025-01-24T10:57:36Z,117,6593,686
serengil/deepface,2020-02-08T20:42:28Z,2025-01-24T16:31:24Z,55158,17265,2400
sql-machine-learning/sqlflow,2018-10-04T06:00:50Z,2025-01-23T23:28:05Z,29014,5126,705
LibrePhotos/librephotos,2020-11-11T23:08:19Z,2025-01-24T14:35:30Z,82267,7098,317
astorfi/TensorFlow-World,2017-03-24T22:19:05Z,2025-01-21T04:05:28Z,26388,4522,415
FederatedAI/FATE,2019-01-24T10:32:43Z,2025-01-24T10:12:06Z,247160,5786,1560
flashlight/flashlight,2018-12-11T18:28:47Z,2025-01-23T21:28:32Z,16312,5315,499
BinRoot/TensorFlow-Book,2016-03-06T23:30:57Z,2025-01-23T05:53:47Z,45766,4451,1208
tensorflow/lucid,2018-01-25T17:41:44Z,2025-01-21T03:52:36Z,148135,4683,656
paperswithcode/ai-deadlines,2016-11-18T23:11:12Z,2025-01-23T14:40:39Z,1550,5739,993
okfn-brasil/serenata-de-amor,2016-06-27T20:55:11Z,2025-01-15T23:06:37Z,71003,4530,661
Spandan-Madan/DeepLearningProject,2017-07-12T16:03:24Z,2025-01-24T08:18:24Z,2519,4758,638
jessevig/bertviz,2018-12-16T16:50:42Z,2025-01-24T07:55:44Z,203130,7094,794
lauragift21/awesome-learning-resources,2018-01-19T09:02:02Z,2025-01-23T20:25:49Z,403,5484,830
MegEngine/MegEngine,2020-03-18T08:21:58Z,2025-01-24T03:34:24Z,31488,4780,541
janhuenermann/neurojs,2016-09-18T23:33:53Z,2025-01-21T20:48:02Z,19503,4394,365
accord-net/framework,2012-04-08T13:35:01Z,2025-01-23T21:04:55Z,427584,4507,1991
MorvanZhou/Tensorflow-Tutorial,2017-05-10T11:02:32Z,2025-01-13T03:19:45Z,38884,4340,1877
DataTalksClub/mlops-zoomcamp,2021-10-21T09:35:28Z,2025-01-24T13:24:57Z,11489,11385,2195
aladdinpersson/Machine-Learning-Collection,2020-03-26T07:02:40Z,2025-01-24T02:33:57Z,123603,7876,2724
DLR-RM/stable-baselines3,2020-05-05T05:52:26Z,2025-01-24T14:31:43Z,4873,9592,1739
PipelineAI/pipeline,2015-07-08T03:49:23Z,2025-01-24T11:27:04Z,94806,4173,973
lyst/lightfm,2015-07-30T08:34:00Z,2025-01-24T06:26:34Z,8085,4830,695
shimat/opencvsharp,2013-12-21T00:27:48Z,2025-01-24T06:17:03Z,72388,5489,1159
OAID/Tengine,2017-12-30T01:21:41Z,2025-01-23T01:22:13Z,18279,4430,971
mlpack/mlpack,2014-12-17T18:16:59Z,2025-01-24T13:11:22Z,272399,5206,1635
triton-inference-server/server,2018-10-04T21:10:30Z,2025-01-24T14:47:46Z,38035,8629,1512
rasbt/mlxtend,2014-08-14T01:56:16Z,2025-01-23T03:19:34Z,98436,4953,877
vespa-engine/vespa,2016-06-03T20:54:20Z,2025-01-24T16:13:38Z,453213,5925,612
NVIDIA/DIGITS,2015-03-17T16:00:20Z,2025-01-24T02:57:56Z,51156,4156,1380
HIT-SCIR/ltp,2011-06-01T15:10:15Z,2025-01-24T03:56:35Z,16300,5021,1047
pytorch/ignite,2017-11-23T17:31:21Z,2025-01-21T14:35:51Z,55771,4573,624
deepmind/learning-to-learn,2016-12-06T08:25:37Z,2025-01-24T00:02:42Z,90,4062,601
NVIDIA/DALI,2018-06-01T22:18:01Z,2025-01-23T21:14:05Z,409711,5250,629
BoltzmannEntropy/interviews.ai,2021-09-30T17:04:46Z,2025-01-24T00:03:19Z,21998,4549,298
vicky002/AlgoWiki,2014-11-27T11:17:13Z,2025-01-23T22:05:19Z,182623,4222,1162
bentoml/BentoML,2019-04-02T01:39:27Z,2025-01-24T15:18:28Z,95776,7296,802
rasbt/pattern_classification,2014-03-30T05:34:34Z,2025-01-16T18:11:37Z,112927,4160,1285
cleanlab/cleanlab,2018-05-11T01:55:21Z,2025-01-24T14:19:02Z,12064,10092,792
xviniette/FlappyLearning,2016-07-24T20:54:21Z,2025-01-24T14:41:56Z,11472,3991,495
tensorflow/rust,2016-02-05T00:32:17Z,2025-01-23T18:05:49Z,30155,5252,423
IDSIA/sacred,2014-03-31T18:05:29Z,2025-01-16T18:12:54Z,6154,4275,384
esimov/pigo,2018-05-14T07:19:03Z,2025-01-24T14:26:15Z,15175,4444,312
pixie-io/pixie,2020-02-27T00:22:45Z,2025-01-24T08:39:58Z,79253,5712,442
FluxML/Flux.jl,2016-04-01T21:11:05Z,2025-01-23T17:03:59Z,12921,4565,609
idealo/image-super-resolution,2018-11-26T13:41:13Z,2025-01-23T10:11:33Z,15347,4693,770
yahoo/TensorFlowOnSpark,2017-01-20T18:15:57Z,2025-01-24T07:41:09Z,9472,3872,942
aaronwangy/Data-Science-Cheatsheet,2021-02-05T06:01:57Z,2025-01-24T15:34:20Z,4572,5043,721
xitu/tensorflow-docs,2018-03-08T09:39:54Z,2025-01-23T08:16:06Z,4785,3811,471
tensorflow/probability,2017-10-23T23:50:54Z,2025-01-23T16:19:44Z,158536,4285,1109
googlecreativelab/teachable-machine-v1,2017-10-03T15:04:27Z,2025-01-18T22:34:26Z,4084,3855,601
wzhe06/Ad-papers,2016-08-07T08:26:26Z,2025-01-24T13:23:24Z,199699,4261,1184
microsoft/SynapseML,2017-06-05T08:23:44Z,2025-01-12T11:28:18Z,158507,5092,834
DistrictDataLabs/yellowbrick,2016-05-18T14:12:17Z,2025-01-21T22:12:33Z,80717,4307,562
goq/telegram-list,2016-08-12T16:16:12Z,2025-01-24T06:17:35Z,2750,4653,814
zotroneneis/machine_learning_basics,2018-02-19T09:55:58Z,2025-01-24T03:02:00Z,11349,4338,838
dotnet/machinelearning-samples,2018-05-25T18:43:54Z,2025-01-23T16:20:12Z,2069455,4542,2694
biolab/orange3,2013-02-22T12:52:56Z,2025-01-24T14:24:59Z,102603,4960,1030
arXivTimes/arXivTimes,2016-10-26T05:27:39Z,2025-01-22T09:38:56Z,978,3900,200
snipsco/snips-nlu,2017-02-08T16:16:36Z,2025-01-23T15:09:13Z,20278,3905,512
JWarmenhoven/ISLR-python,2015-06-14T16:14:00Z,2025-01-22T10:37:57Z,21875,4278,2429
amusi/AI-Job-Notes,2019-02-11T11:37:17Z,2025-01-24T08:28:42Z,3925,5364,645
apachecn/hands-on-ml-zh,2018-04-08T09:19:49Z,2025-01-16T10:27:35Z,43569,3737,1537
Oneflow-Inc/oneflow,2017-02-11T06:09:53Z,2025-01-24T15:40:19Z,86457,6563,730
online-ml/river,2019-01-24T15:18:26Z,2025-01-24T08:55:23Z,329612,5171,551
feast-dev/feast,2018-12-10T07:20:15Z,2025-01-24T13:58:33Z,93364,5746,1019
allegroai/clearml,2019-06-10T08:18:32Z,2025-01-24T16:21:08Z,49911,5785,661
alirezadir/Production-Level-Deep-Learning,2019-11-19T20:11:21Z,2025-01-24T00:24:57Z,15585,4396,652
pliang279/awesome-multimodal-ml,2019-05-27T23:03:48Z,2025-01-24T10:27:12Z,470,6219,861
openvenues/libpostal,2015-03-03T00:21:31Z,2025-01-24T14:02:00Z,37869,4131,423
makcedward/nlpaug,2019-03-21T03:00:17Z,2025-01-24T10:38:24Z,3365,4492,464
KaiyangZhou/deep-person-reid,2018-03-11T21:14:39Z,2025-01-23T19:37:58Z,9804,4386,1150
iterative/cml,2020-02-26T07:33:41Z,2025-01-24T05:35:54Z,17287,4062,343
r0f1/datascience,2018-11-22T09:21:49Z,2025-01-24T07:20:20Z,1555,4305,695
uber/causalml,2019-07-09T02:08:58Z,2025-01-24T02:52:49Z,111869,5190,789
justmarkham/scikit-learn-videos,2015-04-06T02:08:42Z,2025-01-24T04:43:21Z,1548,3688,2540
andri27-ts/Reinforcement-Learning,2018-08-28T11:04:16Z,2025-01-24T14:05:54Z,10493,4253,623
tensorflow/adanet,2018-06-28T20:20:24Z,2025-01-24T02:27:18Z,2575,3465,527
Azure/MachineLearningNotebooks,2018-08-17T17:29:14Z,2025-01-24T14:54:02Z,78299,4137,2524
rasbt/python-machine-learning-book-3rd-edition,2019-06-07T04:19:59Z,2025-01-24T14:34:22Z,167080,4699,2009
tensorflow/datasets,2018-09-10T21:27:22Z,2025-01-24T15:40:16Z,996916,4347,1560
gopherdata/gophernotes,2016-01-22T19:22:16Z,2025-01-22T08:47:46Z,21638,3883,260
SeldonIO/seldon-core,2017-12-20T14:51:54Z,2025-01-24T08:57:23Z,243035,4435,836
olivia-ai/olivia,2018-06-05T18:19:31Z,2025-01-21T11:47:57Z,31227,3687,355
podgorskiy/ALAE,2019-03-12T18:31:50Z,2025-01-19T10:53:06Z,213041,3518,557
ThoughtfulDev/EagleEye,2018-02-17T13:58:57Z,2025-01-24T04:49:56Z,173,4652,627
bytedance/byteps,2019-06-25T07:00:13Z,2025-01-21T03:36:56Z,21217,3658,494
microsoft/tensorwatch,2019-05-15T08:29:34Z,2025-01-03T21:48:03Z,22253,3428,360
vijishmadhavan/ArtLine,2020-11-23T11:11:19Z,2025-01-24T02:27:17Z,1133,3609,375
lucidrains/stylegan2-pytorch,2020-01-09T18:23:31Z,2025-01-24T10:36:35Z,5147,3730,590
orchest/orchest,2020-05-21T17:33:05Z,2025-01-24T07:15:21Z,28488,4101,260
Trusted-AI/adversarial-robustness-toolbox,2018-03-15T14:40:43Z,2025-01-24T13:32:12Z,640017,5008,1183
chiphuyen/python-is-cool,2019-10-21T14:21:10Z,2025-01-24T07:28:48Z,55,3554,559
alibaba/Alink,2018-09-30T06:36:11Z,2025-01-23T04:37:46Z,18863,3590,803
fastai/course-nlp,2019-05-14T20:39:05Z,2025-01-20T17:26:58Z,17096,3435,1479
tensorflow/hub,2018-03-12T07:55:42Z,2025-01-19T13:01:23Z,13656,3492,1661
TarrySingh/Artificial-Intelligence-Deep-Learning-Machine-Learning-Tutorials,2017-07-13T19:46:01Z,2025-01-23T22:55:59Z,1902524,3811,1621
polyaxon/polyaxon,2016-12-26T12:48:47Z,2025-01-24T07:51:58Z,126567,3595,315
hudson-and-thames/mlfinlab,2019-02-13T16:57:25Z,2025-01-24T15:02:42Z,644,4045,1162
handong1587/handong1587.github.io,2015-08-15T08:49:23Z,2025-01-21T03:55:59Z,178425,3125,992
Sophia-11/Machine-Learning-Notes,2019-09-20T05:06:57Z,2025-01-23T13:15:33Z,67207,3616,750
sbrugman/deep-learning-papers,2016-10-29T15:59:13Z,2025-01-22T10:38:28Z,64787,3191,412
MaartenGr/BERTopic,2020-09-22T14:19:29Z,2025-01-24T13:05:58Z,21563,6334,778
migueldeicaza/TensorFlowSharp,2017-01-16T04:18:28Z,2025-01-23T00:33:09Z,8583,3147,572
louisfb01/start-machine-learning,2020-09-24T11:48:46Z,2025-01-23T23:49:06Z,119,4538,586
replicate/cog,2021-02-26T23:43:09Z,2025-01-24T16:43:51Z,8433,8302,579
guillaume-chevalier/LSTM-Human-Activity-Recognition,2016-05-18T02:00:21Z,2025-01-19T09:27:32Z,1442,3364,938
wzhe06/Reco-papers,2018-05-29T17:29:04Z,2025-01-24T16:14:00Z,177084,3346,807
aksnzhy/xlearn,2017-06-10T08:09:31Z,2025-01-03T21:46:13Z,11184,3086,519
microsoft/hummingbird,2020-03-12T20:27:03Z,2025-01-22T08:19:50Z,14975,3377,280
jtablesaw/tablesaw,2016-01-01T14:58:28Z,2025-01-24T03:27:32Z,66357,3585,645
rlcode/reinforcement-learning,2017-01-13T09:30:09Z,2025-01-23T05:16:35Z,63088,3448,737
ZhaoJ9014/face.evoLVe,2019-01-04T02:22:17Z,2025-01-24T02:11:25Z,8440,3478,759
nidhaloff/igel,2020-08-27T20:54:59Z,2025-01-23T18:34:04Z,19702,3099,178
Nyandwi/machine_learning_complete,2021-09-25T11:02:35Z,2025-01-22T21:19:37Z,167602,4708,779
catalyst-team/catalyst,2018-08-20T07:56:13Z,2025-01-22T18:28:30Z,55187,3316,390
PAIR-code/lit,2020-07-28T13:07:26Z,2025-01-20T21:25:26Z,212028,3515,356
kubeflow/pipelines,2018-05-12T00:31:47Z,2025-01-23T22:26:24Z,366727,3658,1650
awslabs/gluonts,2019-05-15T17:17:29Z,2025-01-23T06:02:04Z,14597,4742,767
jmschrei/pomegranate,2014-11-24T18:36:58Z,2025-01-17T18:03:32Z,55361,3400,589
raghakot/keras-vis,2016-11-11T23:27:34Z,2025-01-23T15:47:28Z,153803,2987,659
DeepGraphLearning/LiteratureDL4Graph,2019-06-20T06:38:05Z,2025-01-03T21:48:08Z,191,3075,561
benfred/implicit,2016-04-17T03:45:23Z,2025-01-23T05:53:25Z,7873,3612,612
deepmind/dm_control,2017-12-29T18:13:15Z,2025-01-24T11:32:18Z,94937,3897,679
POSTECH-CVLab/PyTorch-StudioGAN,2020-06-19T04:09:13Z,2025-01-24T03:18:28Z,30620,3447,345
thuquant/awesome-quant,2016-05-10T14:42:34Z,2025-01-24T15:17:43Z,82,4322,897
rapidsai/cuml,2018-10-11T15:45:35Z,2025-01-24T06:45:13Z,159636,4372,548
sacridini/Awesome-Geospatial,2016-05-06T18:05:42Z,2025-01-24T16:42:56Z,2227,4278,631
shogun-toolbox/shogun,2011-04-01T10:44:32Z,2025-01-22T09:03:01Z,74465,3033,1037
graykode/nlp-roadmap,2019-09-19T07:47:34Z,2025-01-24T01:59:21Z,2737,3235,517
chrieke/awesome-satellite-imagery-datasets,2018-05-01T22:13:17Z,2025-01-21T19:44:34Z,1824,3697,644
easy-tensorflow/easy-tensorflow,2017-11-30T20:02:40Z,2025-01-14T03:34:55Z,20851,2863,367
apple/coremltools,2017-06-30T07:39:02Z,2025-01-24T09:02:05Z,84888,4532,659
pytorch/serve,2019-10-03T03:17:43Z,2025-01-23T03:04:33Z,124932,4272,871
dair-ai/Mathematics-for-ML,2022-05-21T11:24:15Z,2025-01-24T09:03:10Z,42,4785,461
weld-project/weld,2016-06-13T05:00:24Z,2025-01-22T04:21:32Z,3015,2997,256
jisungk/deepjazz,2016-04-02T01:00:05Z,2025-01-16T01:31:08Z,12222,2874,442
khuyentran1401/Data-science,2020-07-17T19:25:27Z,2025-01-24T00:03:15Z,133866,4072,1027
horance-liu/tensorflow-internals,2018-06-30T02:50:29Z,2025-01-22T05:04:34Z,106970,2893,583
louisfb01/best_AI_papers_2021,2021-11-06T16:55:30Z,2025-01-21T03:39:06Z,77,2906,238
mit-nlp/MITIE,2014-04-01T22:47:53Z,2025-01-20T09:24:56Z,10959,2931,540
maciejkula/spotlight,2017-06-25T18:52:19Z,2025-01-21T21:09:40Z,9222,3001,424
semi-technologies/weaviate,2016-03-30T15:03:17Z,2025-01-24T16:43:02Z,1003949,12112,851
microsoft/DMTK,2015-11-08T03:32:50Z,2025-01-16T01:31:22Z,17,2748,557
aimhubio/aim,2019-05-31T18:25:07Z,2025-01-23T15:06:59Z,65647,5323,331
deepjavalibrary/djl,2019-10-29T22:38:54Z,2025-01-24T16:34:41Z,49033,4269,676
MLEveryday/practicalAI-cn,2018-12-11T09:40:16Z,2025-01-24T10:20:54Z,11271,3574,800
adambielski/siamese-triplet,2018-03-06T22:25:41Z,2025-01-19T13:16:30Z,12913,3117,637
rasbt/deep-learning-book,2016-12-18T07:15:40Z,2025-01-22T20:19:00Z,11676,2791,750
ml-tooling/ml-workspace,2019-05-27T16:55:15Z,2025-01-23T18:02:04Z,13331,3468,455
heavyai/heavydb,2017-05-07T15:07:56Z,2025-01-23T03:12:59Z,455270,2965,449
salesforce/Merlion,2021-07-28T15:30:56Z,2025-01-24T15:10:45Z,106155,3513,310
srush/GPU-Puzzles,2022-07-11T18:26:08Z,2025-01-24T16:29:11Z,595,10360,893
jphall663/awesome-machine-learning-interpretability,2018-06-21T14:26:51Z,2025-01-24T07:20:57Z,2546,3709,592
ml-tooling/opyrator,2021-04-06T08:09:06Z,2025-01-19T13:23:36Z,2562,3117,159
ploomber/ploomber,2020-01-20T20:13:06Z,2025-01-22T10:20:14Z,7059,3536,237
evidentlyai/evidently,2020-11-25T15:20:08Z,2025-01-24T16:20:57Z,319594,5636,624
keithito/tacotron,2017-07-08T17:03:31Z,2025-01-24T16:38:52Z,113,2965,959
microsoft/AI-For-Beginners,2021-03-03T16:27:36Z,2025-01-24T16:25:08Z,96275,35721,6240
osmr/imgclsmob,2018-07-09T12:57:46Z,2025-01-19T07:07:23Z,16338,2990,562
dair-ai/ML-Notebooks,2022-03-26T21:39:49Z,2025-01-24T14:54:58Z,1806,3315,520
flyteorg/flyte,2019-10-21T17:40:04Z,2025-01-24T15:06:48Z,322125,5950,683
cloud-annotations/cloud-annotations,2019-01-29T14:52:41Z,2025-01-21T18:57:42Z,103659,2673,455
volcano-sh/volcano,2019-03-14T09:47:29Z,2025-01-24T03:07:11Z,87239,4373,1007
bfortuner/ml-glossary,2017-04-20T16:05:19Z,2025-01-20T20:47:13Z,8350,3036,725
huggingface/neuralcoref,2017-07-03T13:04:16Z,2025-01-23T05:52:06Z,69454,2864,478
explosion/thinc,2014-10-16T16:34:59Z,2025-01-24T12:25:47Z,11115,2826,278
robi56/Deep-Learning-for-Recommendation-Systems,2017-05-08T11:24:34Z,2025-01-24T13:26:52Z,31,2804,706
TeamHG-Memex/eli5,2016-09-15T01:04:57Z,2025-01-09T06:02:41Z,37429,2763,332
google/deepvariant,2017-11-23T01:56:22Z,2025-01-24T07:54:34Z,738765,3300,733
jbesomi/texthero,2020-04-06T15:16:05Z,2025-01-22T07:54:05Z,23184,2894,239
Cartucho/mAP,2018-03-08T11:24:23Z,2025-01-24T15:28:40Z,15081,2934,912
tensorflow/ranking,2018-12-03T20:48:57Z,2025-01-24T15:49:26Z,6392,2761,476
ourownstory/neural_prophet,2020-05-04T05:12:43Z,2025-01-24T15:01:01Z,224620,3953,488
mosaicml/composer,2021-10-12T02:38:28Z,2025-01-23T17:13:23Z,21984,5245,430
neuml/txtai,2020-08-09T19:14:59Z,2025-01-24T16:10:14Z,54302,10021,639
girls-in-ai/Girls-In-AI,2019-01-03T08:03:13Z,2025-01-23T08:25:22Z,40794,3095,479
RedstoneWill/HsuanTienLin_MachineLearning,2018-05-05T05:42:53Z,2025-01-24T02:22:29Z,216997,2730,854
montanaflynn/stats,2014-12-16T03:25:19Z,2025-01-24T12:59:14Z,310,2943,168
huggingface/knockknock,2019-03-20T13:08:55Z,2025-01-16T18:29:55Z,75,2799,236
tirthajyoti/Machine-Learning-with-Python,2017-07-17T03:06:13Z,2025-01-22T07:16:59Z,101368,3146,1809
heejkoo/Awesome-Diffusion-Models,2021-09-18T01:24:24Z,2025-01-23T22:21:13Z,1925,11348,954
stellargraph/stellargraph,2018-04-13T07:35:51Z,2025-01-21T07:54:42Z,97013,2964,435
mars-project/mars,2018-12-05T16:04:03Z,2025-01-16T10:27:53Z,38755,2708,328
SciSharp/TensorFlow.NET,2018-12-10T23:04:47Z,2025-01-22T15:46:49Z,380809,3289,529
alexlenail/NN-SVG,2015-12-17T06:43:51Z,2025-01-23T21:59:18Z,399,5262,704
NiuTrans/MTBook,2020-05-01T07:45:20Z,2025-01-22T09:38:18Z,103192,2747,762
visionml/pytracking,2019-04-03T10:17:53Z,2025-01-24T07:23:11Z,5083,3308,608
microsoft/EconML,2018-04-30T21:02:52Z,2025-01-23T08:28:43Z,45542,3938,729
dmlc/gluon-nlp,2018-04-04T20:57:13Z,2025-01-09T16:22:10Z,11414,2552,531
zzh8829/yolov3-tf2,2019-04-03T17:57:49Z,2025-01-24T10:53:32Z,4347,2510,906
aleju/papers,2016-02-19T22:44:27Z,2025-01-14T14:32:28Z,40247,2500,441
timeseriesAI/tsai,2019-09-30T09:18:31Z,2025-01-24T16:11:54Z,1546013,5404,670
jolibrain/deepdetect,2015-05-22T14:45:28Z,2025-01-23T16:59:33Z,108496,2517,562
nhivp/Awesome-Embedded,2017-09-24T02:23:36Z,2025-01-24T12:13:35Z,154,6341,957
scikit-optimize/scikit-optimize,2016-03-20T21:10:54Z,2025-01-24T16:15:06Z,9423,2752,551
zenml-io/zenml,2020-11-19T09:25:46Z,2025-01-24T13:52:19Z,567780,4347,467
saharmor/dalle-playground,2021-09-13T10:35:50Z,2025-01-21T10:35:36Z,3161,2763,598
tryolabs/luminoth,2017-02-16T15:07:46Z,2025-01-16T01:31:20Z,3123,2403,398
tradytics/eiten,2020-09-08T03:09:46Z,2025-01-23T17:43:55Z,663,2833,335
microsoft/pai,2017-09-25T11:24:51Z,2025-01-15T06:47:29Z,73875,2646,549
ybayle/awesome-deep-learning-music,2017-08-15T17:36:33Z,2025-01-23T15:23:14Z,6156,2845,341
apachecn/fe4ml-zh,2018-05-17T14:05:46Z,2025-01-24T09:03:24Z,15304,2515,678
BrikerMan/Kashgari,2019-01-19T01:53:28Z,2025-01-19T04:36:36Z,15036,2394,439
anfederico/clairvoyant,2016-09-12T18:38:17Z,2025-01-23T16:34:15Z,10385,2426,770
rob-med/awesome-TS-anomaly-detection,2017-12-19T15:05:20Z,2025-01-22T11:34:57Z,144,3004,455
alibaba/pipcook,2019-12-05T02:40:40Z,2025-01-17T02:28:18Z,17670,2553,208
bethgelab/foolbox,2017-06-14T13:05:48Z,2025-01-22T06:48:26Z,11253,2817,428
ARM-software/ComputeLibrary,2017-03-10T14:51:43Z,2025-01-21T06:54:50Z,870670,2899,787
RasaHQ/rasa_core,2017-09-18T12:07:12Z,2025-01-20T15:41:38Z,1059972,2339,1016
dblalock/bolt,2017-02-01T23:11:16Z,2025-01-24T15:27:28Z,354794,2478,171
asyml/texar,2017-07-22T19:02:05Z,2025-01-17T14:36:48Z,14241,2383,373
mljs/ml,2014-10-27T13:04:38Z,2025-01-19T08:19:06Z,8747,2641,209
NeuromatchAcademy/course-content,2020-05-10T19:09:05Z,2025-01-23T17:57:45Z,5121177,2708,1001
jdb78/pytorch-forecasting,2020-07-03T13:05:24Z,2025-01-24T14:24:26Z,42304,4106,648
mljar/mljar-supervised,2018-11-05T12:58:04Z,2025-01-23T14:00:07Z,9867,3095,411
luspr/awesome-ml-courses,2020-05-08T20:41:59Z,2025-01-24T09:40:28Z,34,2819,295
yunabe/lgo,2017-10-05T15:29:10Z,2025-01-21T03:22:30Z,992,2443,122
scikit-learn-contrib/hdbscan,2015-04-22T13:32:37Z,2025-01-23T06:31:59Z,29117,2841,508
dragen1860/Deep-Learning-with-PyTorch-Tutorials,2018-11-26T04:21:46Z,2025-01-24T01:45:25Z,91436,2900,1297
seungeunrho/minimalRL,2019-04-23T10:57:44Z,2025-01-24T16:24:03Z,62,2919,461
tslearn-team/tslearn,2017-05-04T13:08:13Z,2025-01-18T22:15:39Z,7450,2933,346
reiinakano/scikit-plot,2017-02-04T06:22:59Z,2025-01-18T13:57:48Z,3119,2429,287
libffcv/ffcv,2021-10-13T17:03:39Z,2025-01-24T09:51:31Z,3449,2884,179
polakowo/vectorbt,2017-11-14T11:56:32Z,2025-01-24T02:49:22Z,750870,4673,645
google/tangent,2017-10-26T20:02:46Z,2025-01-19T09:00:02Z,25786,2316,436
khanhnamle1994/cracking-the-data-science-interview,2018-08-09T07:57:57Z,2025-01-24T16:26:41Z,246902,3818,1061
weslynn/AlphaTree-graphic-deep-neural-network,2018-03-06T08:37:27Z,2025-01-22T02:59:20Z,94575,2811,601
parrt/dtreeviz,2018-08-13T21:45:15Z,2025-01-24T15:50:21Z,192381,3006,337
hora-search/hora,2021-05-15T07:46:32Z,2025-01-22T04:21:53Z,14854,2611,73
Hedgehog-Computing/hedgehog-lab,2020-05-13T05:40:18Z,2025-01-24T00:04:31Z,29630,2364,140
thunlp/PromptPapers,2021-06-05T07:21:58Z,2025-01-24T08:51:55Z,199,4132,383
BayesWitnesses/m2cgen,2019-01-13T02:32:55Z,2025-01-22T11:46:32Z,1284,2841,243
samjabrahams/tensorflow-on-raspberry-pi,2016-03-12T06:26:47Z,2025-01-13T08:06:34Z,275720,2245,495
AakashKumarNain/annotated_research_papers,2020-07-19T19:05:19Z,2025-01-22T17:51:34Z,314488,2711,265
protontypes/awesome-robotic-tooling,2019-10-24T15:32:17Z,2025-01-24T07:21:34Z,1911,3355,494
ShuaiW/data-science-question-answer,2018-01-15T01:39:56Z,2025-01-14T03:28:34Z,2424,2419,657
PizzaDeDados/datascience-pizza,2017-07-18T20:37:32Z,2025-01-22T00:23:09Z,882,2379,483
louisfb01/Best_AI_paper_2020,2020-12-20T17:27:00Z,2025-01-21T07:52:24Z,189,2232,238
fbdesignpro/sweetviz,2020-05-09T15:25:47Z,2025-01-24T12:29:14Z,16017,2976,276
deepmind/dm-haiku,2020-02-18T07:14:02Z,2025-01-24T15:12:05Z,2793,2943,234
zvtvz/zvt,2019-04-04T08:06:57Z,2025-01-24T08:12:45Z,44548,3356,879
kaonashi-tyc/zi2zi,2017-02-17T23:18:04Z,2025-01-24T16:36:54Z,46887,2585,481
hoya012/awesome-anomaly-detection,2018-08-29T06:33:25Z,2025-01-24T13:04:17Z,2407,2773,516
EliteQuant/EliteQuant,2017-11-21T05:28:40Z,2025-01-24T01:36:52Z,1256,3096,585
salesforce/TransmogrifAI,2017-11-02T16:15:15Z,2025-01-20T01:45:14Z,128581,2247,396
trekhleb/nano-neuron,2019-12-05T07:54:21Z,2025-01-18T15:17:06Z,301,2244,120
PetrochukM/PyTorch-NLP,2018-02-25T05:00:36Z,2025-01-21T03:47:14Z,13169,2212,257
krishnakumarsekar/awesome-quantum-machine-learning,2017-04-26T11:03:50Z,2025-01-24T16:03:26Z,10011,2802,683
paperswithcode/releasing-research-code,2020-03-05T14:47:45Z,2025-01-21T15:58:49Z,574,2608,715
QData/TextAttack,2019-10-15T00:51:44Z,2025-01-22T15:37:00Z,26543,3046,405
explosion/spacy-course,2019-04-15T11:17:06Z,2025-01-23T13:14:18Z,9467,2337,373
microsoft/FLAML,2020-08-20T20:46:11Z,2025-01-24T11:38:05Z,210530,4028,517
ajbrock/Neural-Photo-Editor,2016-09-21T14:53:36Z,2025-01-15T03:20:30Z,13104,2075,194
extreme-assistant/ICCV2021-Paper-Code-Interpretation,2019-04-01T04:19:27Z,2025-01-23T02:57:50Z,714,2294,1412
ethen8181/machine-learning,2015-07-24T03:35:49Z,2025-01-22T07:15:54Z,465070,3219,648
tirthajyoti/Data-science-best-resources,2018-12-27T03:51:46Z,2025-01-22T16:33:16Z,9369,2986,1005
benedekrozemberczki/awesome-decision-tree-papers,2019-05-11T18:14:03Z,2025-01-22T07:27:53Z,891,2389,337
mne-tools/mne-python,2011-01-28T03:31:13Z,2025-01-24T16:05:34Z,165103,2822,1341
benedekrozemberczki/awesome-community-detection,2018-10-10T15:17:30Z,2025-01-20T17:52:09Z,2316,2344,362
deepchecks/deepchecks,2021-10-11T14:48:38Z,2025-01-24T11:04:38Z,281013,3682,259
MLNLP-World/Top-AI-Conferences-Paper-with-Code,2020-06-27T07:58:07Z,2025-01-23T10:13:54Z,4428,2610,603
deeplearningturkiye/turkce-yapay-zeka-kaynaklari,2017-10-17T20:19:31Z,2025-01-24T10:44:23Z,235,2320,450
hardikkamboj/An-Introduction-to-Statistical-Learning,2020-06-13T05:18:05Z,2025-01-23T16:31:06Z,20916,2379,607
lukas-blecher/LaTeX-OCR,2020-12-11T16:35:13Z,2025-01-24T06:17:59Z,9503,13312,1069
dangkhoasdc/awesome-ai-residency,2018-04-17T04:47:40Z,2025-01-24T08:33:36Z,134,3125,269
google-research-datasets/Objectron,2020-10-19T21:58:41Z,2025-01-22T02:57:18Z,40804,2253,262
obss/sahi,2021-01-30T12:54:53Z,2025-01-24T07:07:27Z,73355,4268,618
MAIF/shapash,2020-04-29T07:34:23Z,2025-01-23T01:42:49Z,64727,2768,334
dipanjanS/practical-machine-learning-with-python,2017-07-29T10:31:36Z,2025-01-23T10:36:57Z,121256,2296,1649
bgshih/crnn,2015-12-19T07:14:57Z,2025-01-23T06:11:43Z,75,2063,551
JasonKessler/scattertext,2016-07-21T01:47:12Z,2025-01-17T14:04:12Z,42656,2273,292
yanshengjia/ml-road,2017-10-31T04:36:37Z,2025-01-24T15:48:43Z,327454,3710,1388
eugeneyan/ml-surveys,2020-08-08T01:35:06Z,2025-01-23T11:32:27Z,20,2838,290
WongKinYiu/ScaledYOLOv4,2020-11-14T03:01:11Z,2025-01-23T12:37:42Z,489,2022,572
ICT-BDA/EasyML,2017-04-07T05:13:26Z,2025-01-21T20:48:10Z,15607,1974,439
lakshayg/tensorflow-build-archived,2017-05-18T02:21:47Z,2025-01-03T21:46:10Z,222587,1907,222
aws-samples/aws-machine-learning-university-accelerated-nlp,2020-08-07T00:40:22Z,2025-01-24T14:00:57Z,81180,2366,611
unsplash/datasets,2020-06-23T19:58:19Z,2025-01-24T06:14:57Z,67,2480,124
orico/www.mlcompendium.com,2021-08-09T03:50:41Z,2024-12-27T03:50:01Z,15990,2072,227
wzhe06/SparrowRecSys,2020-05-05T05:03:23Z,2025-01-23T00:24:25Z,66590,2467,848
Palashio/libra,2020-04-10T23:25:55Z,2025-01-10T23:33:57Z,190634,1918,109
google/sling,2017-04-25T10:47:40Z,2025-01-23T16:57:57Z,5425,1930,266
voxel51/fiftyone,2020-04-22T13:43:28Z,2025-01-24T15:26:07Z,2049834,9105,591
endymecy/spark-ml-source-analysis,2016-01-08T13:39:03Z,2025-01-14T15:14:34Z,13831,1948,826
root-project/root,2013-06-27T10:46:59Z,2025-01-24T15:52:43Z,1131683,2766,1304
faridrashidi/kaggle-solutions,2018-11-25T04:27:49Z,2025-01-24T07:19:43Z,31660,5062,1899
rust-ml/linfa,2018-04-05T07:03:30Z,2025-01-24T10:33:35Z,4685,3896,255
lgsvl/simulator,2018-07-02T22:07:26Z,2025-01-23T07:39:18Z,42420,2308,781
werner-duvaud/muzero-general,2019-12-27T02:33:51Z,2025-01-24T14:26:19Z,7435,2560,621
DerwenAI/pytextrank,2016-10-02T18:39:12Z,2025-01-23T16:38:58Z,1689,2165,333
datawhalechina/fun-rec,2020-08-09T04:37:34Z,2025-01-24T15:06:29Z,109411,5013,865
mapbox/robosat,2018-06-07T12:42:33Z,2025-01-24T08:40:08Z,1381,2030,386
tobegit3hub/tensorflow_template_application,2016-07-18T10:54:20Z,2025-01-15T22:57:16Z,46958,1872,713
yuchenlin/rebiber,2021-01-24T09:41:52Z,2025-01-24T16:06:28Z,84749,2711,161
LaurentMazare/tch-rs,2019-02-16T21:08:44Z,2025-01-24T13:45:36Z,5292,4518,354
the-akira/Computer-Science-Resources,2019-02-05T01:17:26Z,2025-01-24T05:40:46Z,3126,2520,307
determined-ai/determined,2020-04-07T16:12:29Z,2025-01-24T15:38:30Z,204925,3083,359
szilard/benchm-ml,2015-03-28T00:34:18Z,2025-01-11T18:54:31Z,1133,1876,334
pytorch/audio,2017-05-05T00:38:05Z,2025-01-24T16:27:27Z,1593364,2589,666
Trusted-AI/AIF360,2018-08-22T20:47:15Z,2025-01-24T13:23:23Z,6837,2504,856
MrNothing/AI-Blocks,2017-10-16T10:51:25Z,2025-01-03T21:46:33Z,35409,1863,222
openmlsys/openmlsys-zh,2022-01-18T08:43:46Z,2025-01-24T09:13:51Z,50809,4192,442
tensorflow/tfx,2019-02-04T17:14:36Z,2025-01-21T11:47:07Z,245918,2127,717
Accenture/AmpliGraph,2019-01-09T14:52:05Z,2025-01-21T02:21:16Z,44317,2182,250
bangoc123/learn-machine-learning-in-two-months,2018-08-03T03:36:05Z,2025-01-17T14:45:09Z,71508,2065,668
dotnet/spark,2019-04-22T18:55:55Z,2025-01-24T13:49:27Z,5076,2037,318
jindongwang/MachineLearning,2015-08-16T13:01:08Z,2025-01-23T00:53:29Z,286,1991,634
modAL-python/modAL,2017-11-14T14:01:15Z,2025-01-22T16:09:05Z,9570,2249,324
arbox/machine-learning-with-ruby,2017-04-20T09:44:48Z,2025-01-18T21:07:48Z,472,2137,181
src-d/hercules,2016-12-12T17:30:29Z,2025-01-23T08:33:53Z,10255,2656,331
lightly-ai/lightly,2020-10-13T13:02:56Z,2025-01-24T16:00:01Z,11576,3257,287
OryxProject/oryx,2014-07-25T20:08:44Z,2025-01-03T21:44:10Z,7464,1783,404
Machine-Learning-Tokyo/Interactive_Tools,2019-04-29T23:24:38Z,2025-01-24T15:32:08Z,34600,2720,312
minimaxir/automl-gs,2019-01-13T18:57:44Z,2025-01-03T21:47:46Z,572,1856,178
lucidrains/reformer-pytorch,2020-01-09T20:42:37Z,2025-01-22T23:05:54Z,36190,2143,255
whylabs/whylogs,2020-08-14T23:25:32Z,2025-01-24T09:39:41Z,189731,2678,121
kermitt2/grobid,2012-09-13T15:48:54Z,2025-01-24T04:41:32Z,1655134,3736,462
ahmedbahaaeldin/From-0-to-Research-Scientist-resources-guide,2021-03-16T07:52:23Z,2025-01-23T19:02:33Z,221,7488,1057
BlazingDB/blazingsql,2018-09-24T18:25:45Z,2025-01-22T12:32:24Z,43360,1942,184
SeldonIO/alibi,2019-02-26T10:10:56Z,2025-01-22T15:42:01Z,31655,2433,253
Drakkar-Software/OctoBot,2018-02-23T23:13:05Z,2025-01-24T09:04:15Z,166413,3685,818
lucasb-eyer/pydensecrf,2015-11-13T18:15:38Z,2025-01-23T05:43:13Z,2745,1964,418
xmartlabs/Bender,2017-05-03T20:52:12Z,2025-01-19T03:12:56Z,72730,1799,90
mJackie/RecSys,2019-03-08T14:16:10Z,2025-01-20T11:02:45Z,44172,1972,438
MaxBenChrist/awesome_time_series_in_python,2017-08-16T12:27:27Z,2025-01-24T11:59:01Z,144,2135,367
r9y9/deepvoice3_pytorch,2017-10-31T12:31:44Z,2025-01-24T15:09:49Z,7107,1972,487
pkhungurn/talking-head-anime-demo,2019-12-27T11:45:52Z,2025-01-24T00:45:00Z,380,2003,288
facebookresearch/TensorComprehensions,2018-02-06T17:11:07Z,2025-01-20T10:52:55Z,38455,1758,212
benedekrozemberczki/karateclub,2019-12-05T17:35:56Z,2025-01-24T07:47:11Z,29396,2186,247
ssusnic/Machine-Learning-Flappy-Bird,2017-08-10T15:14:19Z,2025-01-20T09:08:02Z,485,1824,403
kserve/kserve,2019-03-27T21:14:14Z,2025-01-24T08:57:18Z,439008,3806,1092
Awesome-Interview/Awesome-Interview,2019-03-27T13:18:08Z,2025-01-19T16:39:23Z,265,1787,312
HuaizhengZhang/Awesome-System-for-Machine-Learning,2019-01-07T12:59:19Z,2025-01-24T14:55:58Z,910,2761,318
tomlepaine/fast-wavenet,2016-09-16T21:57:30Z,2025-01-19T03:13:31Z,313,1763,308
achillesrasquinha/bulbea,2017-03-09T06:11:06Z,2025-01-21T04:12:17Z,2768,2075,478
microsoft/DialoGPT,2019-08-29T21:07:46Z,2025-01-24T01:58:03Z,45751,2367,344
tirthajyoti/Papers-Literature-ML-DL-RL-AI,2018-01-16T06:25:18Z,2025-01-24T15:48:16Z,518862,2497,745
curiousily/Getting-Things-Done-with-Pytorch,2020-01-31T08:02:53Z,2025-01-22T09:36:03Z,33893,2383,642
aws/sagemaker-python-sdk,2017-11-14T01:03:33Z,2025-01-24T15:19:31Z,167142,2122,1144
patrikhuber/eos,2015-02-10T16:09:02Z,2025-01-12T06:03:50Z,14955,1925,598
datawhalechina/daily-interview,2019-04-24T06:07:56Z,2025-01-23T09:48:42Z,16391,2717,437
github/CodeSearchNet,2019-02-28T17:22:54Z,2025-01-24T02:27:21Z,30039,2243,391
UniversalDataTool/universal-data-tool,2019-07-11T18:00:15Z,2025-01-12T21:52:05Z,259422,1971,190
FedML-AI/FedML,2020-07-21T22:41:25Z,2025-01-23T04:06:24Z,935790,3771,743
YunYang1994/TensorFlow2.0-Examples,2019-03-07T15:17:05Z,2025-01-03T21:47:54Z,10630,1711,673
Charmve/computer-vision-in-action,2021-04-29T03:08:48Z,2025-01-23T17:03:46Z,303118,2638,391
probcomp/Gen.jl,2018-08-21T21:42:42Z,2025-01-24T05:52:15Z,29439,1803,162
rentruewang/koila,2021-11-17T08:37:36Z,2025-01-11T20:31:51Z,4109,1823,63
idealo/image-quality-assessment,2018-06-12T14:46:09Z,2025-01-21T08:37:55Z,81882,2109,452
kelvins/awesome-mlops,2020-05-25T22:53:26Z,2025-01-24T11:40:00Z,455,4254,587
gram-ai/capsule-networks,2017-11-02T14:47:54Z,2025-01-23T13:38:46Z,797,1735,316
RubixML/ML,2018-02-14T07:20:19Z,2025-01-24T09:44:21Z,31803,2075,184
GPflow/GPflow,2016-01-14T11:29:24Z,2025-01-22T16:27:12Z,392650,1859,434
sshkhr/awesome-mlss,2018-12-01T06:34:35Z,2025-01-24T13:38:39Z,1199,2680,300
jsbroks/coco-annotator,2018-09-03T21:38:31Z,2025-01-21T09:39:54Z,1866,2144,467
tensorflow/privacy,2018-12-21T18:46:46Z,2025-01-22T09:24:07Z,2956,1948,452
NiuTrans/ABigSurvey,2020-07-17T05:57:36Z,2025-01-23T10:49:55Z,1828,1998,242
huseinzol05/NLP-Models-Tensorflow,2018-04-23T12:04:17Z,2025-01-19T03:56:40Z,48393,1786,728
azavea/raster-vision,2017-02-02T14:31:54Z,2025-01-24T06:28:36Z,96215,2107,387
pytorch/TensorRT,2020-03-11T17:17:43Z,2025-01-23T18:06:49Z,88844,2655,357
amir-abdi/keras_to_tensorflow,2017-05-10T04:43:29Z,2025-01-23T05:42:16Z,149,1665,538
quantumblacklabs/causalnex,2019-12-12T15:26:09Z,2025-01-18T10:26:17Z,23919,2276,260
teddylee777/machine-learning,2018-09-02T05:55:25Z,2025-01-24T08:01:18Z,64434,2666,861
4paradigm/OpenMLDB,2021-03-12T07:18:31Z,2025-01-23T06:24:10Z,170648,1606,321
stemrollerapp/stemroller,2022-07-10T05:47:38Z,2025-01-23T22:26:21Z,1633,2684,114
jonkrohn/ML-foundations,2020-04-18T15:38:51Z,2025-01-24T10:16:31Z,14053,3790,1772
TuringLang/Turing.jl,2016-04-29T10:51:43Z,2025-01-24T04:37:53Z,36822,2077,220
ermig1979/Simd,2015-03-25T15:24:55Z,2025-01-23T19:04:16Z,41388,2103,420
Franck-Dernoncourt/NeuroNER,2017-03-07T01:24:15Z,2025-01-17T09:50:47Z,126746,1703,475
postgresml/postgresml,2022-04-11T05:33:26Z,2025-01-24T16:12:18Z,445846,6121,308
bjoernkarmann/project_alias,2018-05-15T21:16:07Z,2025-01-19T03:17:51Z,40997,1689,102
voxelmorph/voxelmorph,2018-05-14T16:19:41Z,2025-01-24T05:59:00Z,132471,2359,586
imgcook/imgcook,2018-12-26T02:43:07Z,2025-01-24T07:59:40Z,66,1860,122
byzer-org/byzer-lang,2016-04-28T07:06:14Z,2025-01-17T01:10:14Z,57315,1838,548
PythonOT/POT,2016-10-20T14:42:14Z,2025-01-22T17:02:51Z,45897,2477,507
lexfridman/deeptraffic,2018-01-06T01:24:42Z,2025-01-24T07:36:48Z,6208,1761,260
scikit-learn-contrib/lightning,2012-01-11T13:53:52Z,2025-01-14T14:58:38Z,14720,1729,214
hosseinmoein/DataFrame,2017-10-28T17:25:45Z,2025-01-23T16:06:26Z,46923,2576,319
replicate/keepsake,2020-07-01T04:37:44Z,2025-01-18T23:08:06Z,16585,1653,72
uber/manifold,2019-02-08T21:05:30Z,2024-12-18T14:53:38Z,7134,1650,117
hanleyweng/CoreML-in-ARKit,2017-07-14T08:33:22Z,2025-01-20T09:50:21Z,25091,1671,219
mlr-org/mlr,2013-08-29T16:26:13Z,2025-01-21T14:06:53Z,633544,1651,404
ClimbsRocks/auto_ml,2016-08-07T21:35:08Z,2025-01-23T22:52:14Z,1444,1642,311
xavier-zy/Awesome-pytorch-list-CNVersion,2019-09-04T07:39:42Z,2025-01-17T15:59:13Z,1218,1744,398
jslee02/awesome-robotics-libraries,2016-04-16T20:44:29Z,2025-01-19T18:46:54Z,321,2371,434
grananqvist/Awesome-Quant-Machine-Learning-Trading,2018-11-05T21:09:06Z,2025-01-24T15:17:45Z,31,2797,573
aburkov/theMLbook,2019-01-06T06:40:03Z,2025-01-22T11:50:00Z,3464,1843,565
keras-team/keras-contrib,2017-01-25T02:26:49Z,2025-01-03T21:45:51Z,868,1578,652
tensorflow/addons,2018-11-26T23:57:17Z,2025-01-17T15:23:48Z,6188,1694,612
jiqizhixin/Artificial-Intelligence-Terminology-Database,2017-06-27T15:36:56Z,2025-01-23T18:24:38Z,2341,1930,332
uber-research/deep-neuroevolution,2018-01-04T01:12:25Z,2025-01-24T08:15:04Z,3804,1638,301
edyoda/data-science-complete-tutorial,2018-09-15T06:37:32Z,2025-01-16T10:27:47Z,57561,1803,765
Lightning-AI/lightning-flash,2021-01-28T18:47:16Z,2025-01-12T08:55:39Z,13434,1746,211
sthalles/SimCLR,2020-02-17T18:58:35Z,2025-01-20T07:45:07Z,84436,2313,470
justmarkham/DAT8,2015-08-07T03:35:51Z,2025-01-24T04:50:30Z,24092,1607,1065
plasticityai/magnitude,2018-02-24T07:28:16Z,2025-01-24T13:04:20Z,74131,1637,120
justmarkham/scikit-learn-tips,2020-03-26T13:36:57Z,2025-01-18T12:34:39Z,289,1725,435
instacart/lore,2017-10-19T21:51:45Z,2025-01-03T21:46:34Z,1641,1547,134
philipperemy/keras-tcn,2018-03-22T02:40:06Z,2025-01-22T12:43:32Z,6017,1922,458
kevinhughes27/TensorKart,2016-12-28T15:11:51Z,2025-01-17T02:59:36Z,58922,1579,254
cerlymarco/MEDIUM_NoteBook,2019-04-22T20:45:20Z,2025-01-22T08:08:54Z,100498,2094,978
diffgram/diffgram,2018-09-06T21:04:23Z,2025-01-17T21:02:12Z,57461,1854,121
Hironsan/awesome-embedding-models,2016-12-05T04:16:20Z,2025-01-23T15:23:09Z,49,1770,252
PennyLaneAI/pennylane,2018-04-17T16:45:42Z,2025-01-24T16:22:32Z,111691,2454,616
guillaume-chevalier/Awesome-Deep-Learning-Resources,2016-11-27T17:41:38Z,2025-01-23T15:23:09Z,312,1678,291
mbadry1/Top-Deep-Learning,2018-03-16T00:57:51Z,2025-01-22T10:55:51Z,138,1699,431
fepegar/torchio,2019-11-26T09:10:09Z,2025-01-21T23:28:17Z,46461,2117,240
ben1234560/AiLearning-Theory-Applying,2020-10-25T02:25:05Z,2025-01-24T10:26:41Z,102608,3126,442
krzjoa/awesome-python-data-science,2017-12-21T10:17:53Z,2025-01-23T23:41:39Z,1473,2676,354
tradytics/surpriver,2020-08-30T07:56:22Z,2025-01-23T11:49:41Z,2064,1790,334
metarank/metarank,2020-08-19T17:16:08Z,2025-01-23T10:50:31Z,24761,2104,90
chaoyanghe/Awesome-Federated-Learning,2020-07-03T19:26:03Z,2025-01-23T08:04:19Z,215,1935,331
uber/petastorm,2018-06-15T23:15:29Z,2025-01-22T03:18:39Z,2819,1811,284
VertaAI/modeldb,2016-10-19T01:07:26Z,2025-01-21T21:15:16Z,55253,1713,286
pkmital/CADL,2016-07-06T22:07:55Z,2025-01-24T12:49:51Z,330445,1482,732
JifuZhao/DS-Take-Home,2018-04-12T01:40:14Z,2025-01-24T11:32:40Z,8422,1684,861
michaelgutmann/ml-pen-and-paper-exercises,2022-06-27T16:33:05Z,2025-01-20T02:18:36Z,1815,1958,142
jadianes/spark-py-notebooks,2015-05-06T07:45:21Z,2025-01-17T07:41:23Z,2312,1641,917
ahangchen/GDLnotes,2016-05-08T07:45:57Z,2025-01-16T10:26:45Z,10708,1490,477
Nixtla/statsforecast,2021-11-24T02:19:14Z,2025-01-23T20:51:56Z,231705,4103,297
githubharald/SimpleHTR,2018-06-13T13:30:25Z,2025-01-21T17:20:50Z,80846,2020,898
AsuharietYgvar/AppleNeuralHash2ONNX,2021-08-15T19:52:47Z,2024-12-24T03:00:51Z,15,1535,132
krasserm/bayesian-machine-learning,2018-03-19T14:17:43Z,2025-01-23T07:29:52Z,28484,1843,466
alan-turing-institute/MLJ.jl,2018-08-01T06:29:39Z,2025-01-23T07:24:23Z,45542,1819,156
uber/orbit,2020-01-07T18:20:37Z,2025-01-22T13:57:08Z,168278,1933,135
dustinvtran/ml-videos,2017-01-25T01:02:58Z,2025-01-22T00:57:53Z,50,1537,213
Hironsan/anago,2017-06-26T21:28:36Z,2025-01-19T03:23:14Z,7689,1477,368
uTensor/uTensor,2017-09-21T17:04:59Z,2025-01-24T10:07:02Z,77931,1750,227
alan-ai/alan-sdk-web,2019-10-23T12:17:16Z,2025-01-17T23:36:11Z,26162,2403,94
devnag/pytorch-generative-adversarial-networks,2017-02-11T01:15:16Z,2025-01-23T05:57:05Z,9,1520,449
lovoo/NSFWDetector,2018-08-14T09:21:41Z,2025-01-24T09:58:56Z,274,1603,110
b7leung/MLE-Flashcards,2022-07-23T05:05:08Z,2025-01-24T09:08:26Z,35853,2041,185
dotnet/infer,2018-09-14T23:49:02Z,2025-01-20T09:56:06Z,36191,1565,229
SeldonIO/seldon-server,2015-02-11T13:49:35Z,2025-01-03T21:44:26Z,3685,1471,299
graph4ai/graph4nlp,2020-07-16T03:28:48Z,2025-01-10T15:10:14Z,489856,1681,202
elyra-ai/elyra,2019-10-22T21:37:58Z,2025-01-24T13:14:30Z,118923,1876,348
mrdbourke/zero-to-mastery-ml,2019-09-23T04:56:51Z,2025-01-24T16:32:28Z,330943,3052,3481
vearch/vearch,2019-05-13T02:37:31Z,2025-01-24T15:26:33Z,36314,2108,336
VivekPa/AIAlpha,2018-10-07T03:58:26Z,2025-01-23T07:39:40Z,13852,1754,449
mintlify/writer,2021-12-22T23:07:58Z,2025-01-23T18:52:00Z,9971,2881,135
google/uis-rnn,2018-10-23T08:13:24Z,2025-01-20T07:30:37Z,112151,1566,321
adblockradio/adblockradio,2018-07-09T12:35:43Z,2025-01-19T15:46:57Z,9143,1486,64
dair-ai/nlp_paper_summaries,2020-03-03T13:20:30Z,2025-01-22T12:33:46Z,1799,1479,242
TianZerL/Anime4KCPP,2020-03-25T16:51:24Z,2025-01-22T20:04:37Z,7785,1839,141
prabhuomkar/pytorch-cpp,2019-11-05T16:52:01Z,2025-01-23T06:44:42Z,494,1991,264
amitkaps/hackermath,2016-05-23T14:32:02Z,2025-01-19T03:21:58Z,26070,1448,288
pytorch/tnt,2016-12-10T11:49:58Z,2025-01-24T14:18:48Z,8852,1681,279
nubank/fklearn,2019-02-27T14:32:57Z,2025-01-03T21:47:53Z,2460,1510,167
explosion/sense2vec,2016-01-23T22:15:49Z,2025-01-18T19:01:32Z,1200,1634,239
h2oai/h2o-tutorials,2015-08-05T20:26:22Z,2025-01-18T15:41:28Z,1105809,1486,999
danielhanchen/hyperlearn,2018-08-27T16:00:47Z,2025-01-23T21:46:38Z,48965,1912,131
alexsosn/iOS_ML,2015-08-18T08:44:46Z,2025-01-23T11:27:39Z,98,1433,154
MindorksOpenSource/AndroidTensorFlowMachineLearningExample,2017-03-06T04:34:38Z,2025-01-21T20:48:08Z,54403,1433,428
firmai/machine-learning-asset-management,2019-07-11T11:16:56Z,2025-01-22T13:11:58Z,122,1701,458
GokuMohandas/mlops-course,2020-11-12T03:05:00Z,2025-01-24T04:15:06Z,7509,3023,521
MLReef/mlreef,2020-07-20T09:45:29Z,2025-01-24T14:43:33Z,65993,1439,308
HuwCampbell/grenade,2016-06-23T12:04:52Z,2025-01-19T03:22:40Z,357,1452,83
bfelbo/DeepMoji,2017-07-18T11:42:33Z,2025-01-24T14:30:47Z,113203,1529,313
timoschick/pet,2020-04-07T08:13:51Z,2025-01-14T02:17:49Z,194,1625,281
Cloud-CV/EvalAI,2016-10-21T00:51:45Z,2025-01-14T14:08:53Z,66059,1791,808
xinshuoweng/AB3DMOT,2019-06-19T23:48:25Z,2025-01-23T10:46:03Z,189588,1709,403
Lightning-AI/lightning-bolts,2020-03-25T16:03:30Z,2025-01-22T15:22:18Z,5836,1708,323
cdipaolo/goml,2015-06-27T05:52:01Z,2025-01-23T04:09:06Z,971,1572,133
basicmi/AI-Chip,2017-08-09T04:10:54Z,2025-01-17T10:37:35Z,116296,1654,275
vahidk/EffectivePyTorch,2020-04-02T07:21:57Z,2025-01-22T15:55:47Z,49,1673,168
denizyuret/Knet.jl,2015-09-29T23:42:37Z,2025-01-15T13:31:27Z,23925,1430,230
rednaga/APKiD,2016-06-23T18:00:21Z,2025-01-24T00:18:27Z,10379,2124,297
fairlearn/fairlearn,2018-05-15T01:51:35Z,2025-01-24T11:21:31Z,79957,1994,431
TorchCraft/TorchCraft,2016-12-03T00:04:58Z,2025-01-17T20:15:50Z,8339,1388,210
o19s/elasticsearch-learning-to-rank,2016-12-25T03:19:01Z,2025-01-23T11:57:26Z,2202,1493,369
datamade/usaddress,2014-07-17T19:22:46Z,2025-01-21T07:07:33Z,7042,1544,302
Hitachi-Automotive-And-Industry-Lab/semantic-segmentation-editor,2018-07-25T07:44:38Z,2025-01-22T15:06:32Z,2726,1843,439
AxeldeRomblay/MLBox,2017-06-01T16:59:24Z,2025-01-16T01:30:52Z,52437,1502,274
igrigorik/decisiontree,2009-02-23T04:52:20Z,2025-01-07T07:13:15Z,56,1439,129
modelfoxdotdev/modelfox,2021-04-23T19:25:24Z,2025-01-24T15:40:50Z,28770,1467,64
MarcSkovMadsen/awesome-streamlit,2019-10-06T02:07:49Z,2025-01-24T15:43:30Z,120451,2114,358
nebuly-ai/nebullvm,2022-02-12T17:17:14Z,2025-01-22T23:38:32Z,4528,8371,636
demidovakatya/vvedenie-mashinnoe-obuchenie,2016-01-28T23:10:50Z,2025-01-09T21:42:35Z,2315,1421,328
404notf0und/AI-for-Security-Learning,2018-11-02T03:43:53Z,2025-01-22T02:23:42Z,130,1663,339
BilalReffas/EmojiIntelligence,2017-04-10T03:44:45Z,2025-01-18T19:55:29Z,420,1375,84
microsoft/EdgeML,2017-08-02T11:27:52Z,2025-01-22T10:03:48Z,82301,1594,371
johannfaouzi/pyts,2017-07-31T09:23:16Z,2025-01-24T11:27:08Z,7886,1796,167
Xtremilicious/projectlearn-project-based-learning,2019-12-01T13:20:52Z,2025-01-24T15:34:12Z,14153,3929,374
DLTK/DLTK,2017-05-02T15:40:36Z,2025-01-19T03:33:24Z,19508,1430,403
open-metadata/OpenMetadata,2021-08-01T21:17:17Z,2025-01-24T15:05:29Z,1821620,5955,1116
ranahanocka/MeshCNN,2019-05-06T22:48:52Z,2025-01-21T13:29:31Z,3645,1621,322
chandrikadeb7/Face-Mask-Detection,2020-04-21T11:04:56Z,2025-01-24T04:26:41Z,191247,1554,848
recognai/rubrix,2021-04-28T14:37:42Z,2025-01-24T14:02:01Z,805263,4213,399
vwxyzjn/cleanrl,2019-06-07T16:31:50Z,2025-01-24T11:03:05Z,140004,6113,690
trekhleb/machine-learning-experiments,2019-11-14T06:50:29Z,2025-01-24T03:37:38Z,799596,1675,303
stanfordmlgroup/ngboost,2018-06-21T22:22:40Z,2025-01-23T07:30:42Z,12788,1674,223
rbhatia46/Data-Science-Interview-Resources,2018-11-22T19:48:36Z,2025-01-23T15:33:06Z,310,2863,680
torchgan/torchgan,2018-09-20T16:41:00Z,2025-01-19T12:57:19Z,24010,1407,170
ashishpatel26/Andrew-NG-Notes,2019-06-08T12:44:06Z,2025-01-24T16:04:59Z,202399,2781,1048
BloodAxe/pytorch-toolbelt,2019-03-15T16:02:49Z,2025-01-20T16:45:13Z,3164,1525,123
sepandhaghighi/pycm,2018-01-22T19:46:54Z,2025-01-21T21:01:31Z,12584,1461,126
tensorly/tensorly,2016-10-21T23:14:52Z,2025-01-23T14:01:28Z,16765,1588,293
google-research/language,2018-10-16T00:58:14Z,2025-01-24T02:19:25Z,6407,1640,352
yassouali/awesome-semi-supervised-learning,2020-04-08T00:43:22Z,2025-01-22T05:55:45Z,249,1815,228
fendouai/Awesome-TensorFlow-Chinese,2017-09-01T08:07:50Z,2025-01-23T15:23:14Z,34,1353,329
tensorflow/model-optimization,2018-10-31T20:34:28Z,2025-01-24T15:44:00Z,2290,1512,324
robertmartin8/MachineLearningStocks,2017-02-12T04:50:44Z,2025-01-23T11:49:35Z,7533,1797,512
dmotz/thing-translator,2016-11-14T20:03:10Z,2025-01-22T10:37:55Z,4200,1328,232
AgaMiko/data-augmentation-review,2019-09-28T19:46:30Z,2025-01-22T10:55:21Z,3761,1627,205
leehomyc/Faster-High-Res-Neural-Inpainting,2017-01-26T21:18:49Z,2025-01-14T14:30:05Z,38020,1297,212
scverse/scanpy,2017-01-29T11:31:11Z,2025-01-24T12:44:21Z,42471,1980,610
DragonComputer/Dragonfire,2016-04-19T23:28:07Z,2025-01-15T05:11:11Z,25246,1382,213
ebhy/budgetml,2020-12-27T14:24:57Z,2025-01-12T22:58:54Z,1345,1344,65
scikit-learn-contrib/metric-learn,2013-11-02T08:29:47Z,2025-01-17T13:12:47Z,12624,1406,231
kingfengji/gcForest,2017-06-01T06:23:57Z,2025-01-21T03:47:31Z,119,1309,425
FluxML/Zygote.jl,2018-08-06T22:08:26Z,2025-01-23T02:00:56Z,3839,1496,212
reiinakano/xcessiv,2017-03-07T18:18:25Z,2024-12-30T22:55:28Z,9467,1269,105
luwill/Machine_Learning_Code_Implementation,2019-02-13T06:40:54Z,2025-01-21T10:56:10Z,3658,1522,600
hollance/Forge,2017-04-23T19:25:05Z,2024-12-13T09:13:20Z,191355,1270,173
abdulfatir/twitter-sentiment-analysis,2017-10-08T21:07:18Z,2025-01-21T17:22:14Z,2441,1570,603
advboxes/AdvBox,2018-08-08T08:55:41Z,2025-01-20T16:49:18Z,104093,1390,265
x4nth055/pythoncode-tutorials,2019-07-29T12:35:40Z,2025-01-24T12:46:08Z,334997,2613,1948
hi-primus/optimus,2017-07-13T02:31:18Z,2025-01-23T20:33:12Z,115279,1491,234
aws-samples/aws-machine-learning-university-accelerated-cv,2020-07-29T22:17:04Z,2025-01-22T13:34:29Z,193650,1586,368
yangyanli/PointCNN,2017-08-22T22:45:32Z,2025-01-21T07:50:04Z,343,1388,367
alkaline-ml/pmdarima,2017-03-30T14:58:30Z,2025-01-24T14:58:14Z,81176,1612,235
nlpodyssey/spago,2020-01-05T20:39:29Z,2025-01-23T01:20:22Z,20435,1767,87
gnes-ai/gnes,2019-07-08T08:31:09Z,2025-01-17T09:47:27Z,54521,1267,209
metrofun/machine-learning-surveys,2017-05-24T19:30:06Z,2025-01-23T15:23:12Z,83,1365,203
pytorch/opacus,2019-12-07T01:58:09Z,2025-01-23T23:22:45Z,7862,1740,354
ArztSamuel/Applying_EANNs,2017-04-09T10:24:29Z,2025-01-22T06:44:00Z,20660,1492,363
lihanghang/NLP-Knowledge-Graph,2019-01-29T12:15:57Z,2025-01-22T08:11:50Z,542518,1653,363
iamtodor/data-science-interview-questions-and-answers,2017-12-06T18:32:29Z,2025-01-22T21:38:15Z,1828,1591,355
salu133445/musegan,2017-09-13T03:52:31Z,2025-01-24T13:27:11Z,75263,1884,376
IntelLabs/control-flag,2021-08-04T05:48:07Z,2025-01-16T01:30:51Z,2119,1240,113
jrieke/traingenerator,2020-12-03T16:47:16Z,2025-01-12T14:59:09Z,10335,1371,185
huoyijie/AdvancedEAST,2018-05-14T01:37:52Z,2025-01-19T03:40:30Z,3293,1227,381
linjinjin123/awesome-AIOps,2018-07-27T07:04:52Z,2025-01-24T09:00:08Z,60,1599,362
AtheMathmo/rusty-machine,2015-11-14T05:55:27Z,2025-01-16T01:30:45Z,12405,1256,152
jfkirk/tensorrec,2017-02-28T18:51:11Z,2025-01-20T10:32:39Z,641,1279,220
fukuball/jieba-php,2015-04-23T08:29:45Z,2025-01-22T00:33:37Z,40254,1334,260
trevorstephens/gplearn,2015-03-26T01:01:14Z,2025-01-19T06:44:56Z,7990,1649,293
merrymercy/awesome-tensor-compilers,2020-06-18T20:27:47Z,2025-01-24T11:39:38Z,101,2469,307
labmlai/labml,2018-11-16T09:34:48Z,2025-01-24T06:14:01Z,105745,2092,138
rorysroes/SGX-Full-OrderBook-Tick-Data-Trading-Strategy,2016-07-21T05:14:14Z,2025-01-22T00:05:57Z,87657,1985,673
alan-ai/alan-sdk-ios,2019-10-01T09:18:43Z,2025-01-17T23:36:05Z,381931,1910,14
nok/sklearn-porter,2016-06-22T22:21:34Z,2025-01-13T14:33:49Z,3050,1296,169
salesforce/WikiSQL,2017-08-11T23:27:06Z,2025-01-23T05:54:41Z,51936,1669,326
HyperGAN/HyperGAN,2016-06-24T22:49:56Z,2025-01-21T19:39:04Z,39062,1191,164
icoxfog417/awesome-text-summarization,2017-10-04T01:01:43Z,2025-01-19T16:44:58Z,631,1292,207
liuyubobobo/Play-with-Machine-Learning-Algorithms,2017-10-17T23:13:24Z,2025-01-14T18:07:45Z,75636,1267,625
explosion/spacy-models,2017-03-14T11:15:20Z,2025-01-24T03:52:18Z,7120,1685,300
Trusted-AI/AIX360,2019-07-11T07:17:48Z,2025-01-21T15:55:16Z,374404,1651,310
quic/aimet,2020-04-21T18:57:10Z,2025-01-24T08:51:41Z,17909,2202,394
benedekrozemberczki/CapsGNN,2019-01-29T18:57:25Z,2025-01-18T12:21:06Z,4884,1246,199
towhee-io/towhee,2021-07-13T08:28:50Z,2025-01-22T02:42:56Z,39014,3288,255
ahmetozlu/tensorflow_object_counting_api,2018-06-28T19:53:18Z,2025-01-21T16:20:26Z,341870,1327,545
Hyperparticle/one-pixel-attack-keras,2018-02-17T07:26:48Z,2025-01-03T21:46:53Z,45645,1222,215
explosion/spacy-transformers,2019-07-26T19:12:34Z,2025-01-23T14:21:39Z,1204,1358,167
ML4Comm-Netw/Paper-with-Code-of-Wireless-communication-Based-on-DL,2019-02-21T04:51:40Z,2025-01-21T17:00:15Z,1706,1973,658
babylonhealth/fastText_multilingual,2017-04-21T12:15:09Z,2025-01-19T13:09:37Z,147487,1195,122
firmai/awesome-google-colab,2019-11-11T23:53:59Z,2025-01-24T10:37:32Z,1666,1414,256
mossr/BeautifulAlgorithms.jl,2020-09-15T19:58:22Z,2025-01-23T23:05:56Z,2482,1338,91
BindsNET/bindsnet,2018-02-09T19:42:37Z,2025-01-21T09:19:47Z,32173,1525,331
rasbt/machine-learning-book,2021-12-19T00:32:59Z,2025-01-24T10:34:49Z,200872,3856,1399
lensacom/sparkit-learn,2014-10-15T14:01:10Z,2025-01-20T01:48:35Z,455,1152,255
NannyML/nannyml,2022-01-26T15:27:16Z,2025-01-24T10:51:39Z,135767,2015,150
JustGlowing/minisom,2013-07-03T10:10:06Z,2025-01-23T05:05:34Z,20062,1474,428
osqp/osqp,2016-09-27T03:02:46Z,2025-01-21T11:15:25Z,49092,1768,368
learning-at-home/hivemind,2020-02-27T13:50:19Z,2025-01-24T15:14:50Z,12748,2099,172
kritiksoman/GIMP-ML,2020-03-30T07:04:20Z,2025-01-22T14:34:01Z,100451,1448,135
awslabs/sockeye,2017-06-08T07:44:30Z,2025-01-16T07:27:37Z,10304,1212,323
harvitronix/five-video-classification-methods,2017-03-15T06:17:59Z,2025-01-21T04:07:24Z,321,1177,479
wzy6642/Machine-Learning-in-Action-Python3,2018-12-28T00:59:52Z,2025-01-08T03:19:59Z,4299,1303,472
GoogleCloudPlatform/data-science-on-gcp,2017-02-10T16:46:57Z,2025-01-23T04:47:55Z,6822,1320,714
iver56/audiomentations,2019-02-12T16:36:24Z,2025-01-24T07:27:57Z,10391,1931,193
devAmoghS/Machine-Learning-with-Python,2018-03-02T14:54:11Z,2025-01-17T17:21:25Z,860,1186,182
tatsuyah/vehicle-detection,2017-10-27T00:34:41Z,2025-01-06T09:38:06Z,63021,1147,170
SciSharp/NumSharp,2018-10-10T00:10:09Z,2025-01-22T08:30:37Z,33935,1397,197
shobrook/BitVision,2018-01-03T08:33:25Z,2025-01-20T06:49:16Z,211828,1213,194
amusi/TensorFlow-From-Zero-To-One,2018-03-29T15:09:03Z,2025-01-03T21:46:59Z,782,1134,334
ModelOriented/DALEX,2018-02-18T03:24:12Z,2025-01-24T14:00:05Z,836521,1395,168
neomatrix369/awesome-ai-ml-dl,2018-12-23T19:55:49Z,2025-01-24T11:38:13Z,80219,1512,358
alan-ai/alan-sdk-flutter,2020-04-22T11:34:39Z,2025-01-17T23:36:10Z,303,1802,41
mage-ai/mage-ai,2022-05-16T22:11:39Z,2025-01-24T10:38:05Z,243782,8101,810
BorealisAI/advertorch,2018-11-29T22:17:33Z,2025-01-22T10:32:29Z,8587,1318,197
fendouai/OpenCVTutorials,2020-02-17T15:21:43Z,2025-01-14T08:36:32Z,237,1385,357
oracle/tribuo,2020-06-16T09:59:48Z,2025-01-17T15:42:28Z,9614,1296,177
alan-ai/alan-sdk-android,2019-10-01T09:20:04Z,2025-01-17T23:36:13Z,31857,1838,24
philipperemy/yolo-9000,2017-04-15T03:24:23Z,2025-01-15T16:34:45Z,181405,1184,309
wagenaartje/neataptic,2017-02-23T10:02:16Z,2025-01-23T22:57:50Z,3219,1198,282
jermwatt/machine_learning_refined,2016-08-12T14:13:30Z,2025-01-24T13:57:00Z,73338,1743,615
benthecoder/yt-channels-DS-AI-ML-CS,2021-06-14T07:31:26Z,2025-01-23T15:23:30Z,59,1312,139
DeepGraphLearning/graphvite,2019-07-16T15:48:20Z,2025-01-23T21:46:58Z,5662,1239,155
datumbox/datumbox-framework,2014-10-18T18:10:08Z,2025-01-03T21:44:16Z,4977,1083,281
hollance/CoreMLHelpers,2017-08-05T21:27:08Z,2025-01-21T14:03:33Z,975,1402,189
databricks/spark-sklearn,2015-09-02T18:44:51Z,2025-01-03T21:44:46Z,801,1075,228
guillaume-be/rust-bert,2020-01-25T09:40:07Z,2025-01-24T15:50:04Z,4264,2718,217
chainer/chainerrl,2017-01-30T04:58:15Z,2025-01-17T09:29:39Z,14530,1178,225
christianversloot/machine-learning-articles,2022-02-15T18:12:31Z,2025-01-24T07:10:48Z,81459,3508,748
ELS-RD/transformer-deploy,2021-10-31T11:20:14Z,2025-01-23T07:31:34Z,34756,1673,151
gradslam/gradslam,2020-11-06T03:09:31Z,2025-01-17T06:17:38Z,67809,1333,161
featureform/featureform,2020-10-16T05:41:53Z,2025-01-18T12:07:16Z,228618,1827,97
datawhalechina/key-book,2020-06-12T15:14:38Z,2025-01-24T08:52:47Z,9530,1581,186
MorvanZhou/Evolutionary-Algorithm,2017-07-15T09:50:11Z,2025-01-23T07:57:05Z,2316,1217,635
alan-ai/alan-sdk-ionic,2020-04-24T08:17:40Z,2025-01-17T23:36:09Z,216012,1684,19
pavlin-policar/openTSNE,2018-06-08T18:42:09Z,2025-01-19T08:47:30Z,73373,1493,167
jonathan-laurent/AlphaZero.jl,2019-09-04T02:00:41Z,2025-01-24T12:48:20Z,20951,1257,139
Lightning-AI/metrics,2020-12-22T20:02:42Z,2025-01-22T15:31:57Z,12734,2186,415
mihail911/nlp-library,2017-08-10T06:53:37Z,2025-01-23T05:54:00Z,65,1072,91
spotify/basic-pitch,2022-05-03T09:10:03Z,2025-01-24T12:50:16Z,288126,3630,292
avinashkranjan/Amazing-Python-Scripts,2020-07-14T16:57:07Z,2025-01-24T08:26:22Z,991577,2832,1095
amaiya/ktrain,2019-02-06T17:01:39Z,2025-01-23T13:47:58Z,113306,1243,269
google/uncertainty-baselines,2020-07-16T01:54:32Z,2025-01-22T15:45:22Z,8760,1478,206
feature-engine/feature_engine,2018-12-31T01:47:18Z,2025-01-23T13:23:49Z,14819,1977,318
Shujian2015/FreeML,2018-01-24T09:06:53Z,2025-01-23T03:07:48Z,79,1111,522
becauseofAI/awesome-face,2017-12-13T03:49:27Z,2025-01-22T18:05:02Z,13826,1268,213
cbamls/AI_Tutorial,2018-12-04T13:30:16Z,2025-01-24T04:11:09Z,26778,3254,496
tf-encrypted/tf-encrypted,2018-03-21T18:22:13Z,2025-01-20T20:15:52Z,23498,1220,215
stevetjoa/musicinformationretrieval.com,2014-05-09T17:56:18Z,2025-01-21T21:41:28Z,186791,1232,413
adeshpande3/Tensorflow-Programs-and-Tutorials,2016-12-09T15:30:47Z,2025-01-12T23:34:39Z,360364,1053,322
dalmia/Deep-Learning-Book-Chapter-Summaries,2017-10-27T09:48:08Z,2025-01-18T21:48:11Z,6062,1072,313
owlbarn/owl,2016-06-20T20:47:45Z,2025-01-22T04:28:36Z,27378,1236,125
tensorflow/tfjs-node,2018-02-12T18:23:36Z,2025-01-15T09:20:10Z,144392,1052,117
PolyAI-LDN/conversational-datasets,2019-03-07T05:58:09Z,2025-01-23T19:53:07Z,182,1309,170
ahmedfgad/GeneticAlgorithmPython,2018-12-11T11:19:33Z,2025-01-23T08:48:25Z,21307,1947,471
despoisj/DeepAudioClassification,2016-11-27T12:00:41Z,2025-01-21T18:11:03Z,69,1104,221
KevinGong2013/ChineseIDCardOCR,2016-08-17T03:31:34Z,2024-11-13T12:15:01Z,11345,1027,186
LiYangHart/Hyperparameter-Optimization-of-Machine-Learning-Algorithms,2020-07-23T03:30:47Z,2025-01-23T03:52:30Z,241,1271,304
deepmind/jraph,2020-11-23T10:27:12Z,2025-01-23T21:27:31Z,243,1399,91
ShanghaiTechAIClub/DLInterview,2018-03-26T15:23:24Z,2025-01-02T06:53:34Z,35,1092,203
atinesh-s/Coursera-Machine-Learning-Stanford,2016-07-02T06:08:23Z,2025-01-13T18:34:11Z,166039,1126,764
EddyVerbruggen/nativescript-plugin-firebase,2015-11-22T14:54:52Z,2025-01-03T21:44:55Z,50859,1010,440
mahmoudparsian/data-algorithms-book,2014-08-06T16:48:22Z,2025-01-21T08:21:59Z,415878,1070,664
novak-99/MLPP,2021-05-24T03:19:29Z,2025-01-19T20:02:09Z,21527,1091,155
lhelontra/tensorflow-on-arm,2017-08-01T21:01:09Z,2025-01-20T07:45:52Z,165,1051,273
apple/ml-cvnets,2021-10-21T23:12:39Z,2025-01-22T02:35:49Z,6036,1818,235
zslucky/awesome-AI-books,2018-02-25T23:56:56Z,2025-01-23T15:48:05Z,622,1345,329
cbailes/awesome-deep-trading,2018-11-26T03:23:04Z,2025-01-24T14:58:27Z,137,1548,309
tensorchord/envd,2022-04-11T09:04:19Z,2025-01-24T09:22:33Z,3502,2079,159
rhiever/datacleaner,2016-02-27T14:45:22Z,2025-01-23T14:33:51Z,633,1058,204
feathr-ai/feathr,2022-02-18T08:00:06Z,2025-01-24T07:55:31Z,30841,1876,259
sdv-dev/SDV,2018-05-11T15:56:50Z,2025-01-24T16:45:57Z,30340,2468,322
axinc-ai/ailia-models,2019-09-07T04:50:59Z,2025-01-23T23:31:58Z,1218625,2106,337
junyanz/CatPapers,2016-06-28T02:23:35Z,2025-01-20T15:34:11Z,13815,1121,89
carefree0910/MachineLearning,2016-09-18T09:37:01Z,2025-01-17T08:51:45Z,54884,1070,725
alan-turing-institute/CleverCSV,2019-01-30T11:15:17Z,2025-01-22T10:56:26Z,3766,1273,75
kubernetes-sigs/kube-batch,2017-06-30T02:08:57Z,2025-01-22T06:11:24Z,46286,1085,264
